"Kernel Name","forward_sweep_warp(const unsigned char *, const long *, const unsigned char *, const unsigned char *, const long *, int, const wave_seed *, int *, int *, int *, int *, unsigned long long *, int *, unsigned char *, const short *, const short *, int)",
"Address","Source","Warp Stall Sampling (All Samples)","Warp Stall Sampling (Not-issued Samples)","# Samples","Instructions Executed","Thread Instructions Executed","Predicated-On Thread Instructions Executed","Avg. Threads Executed","Avg. Predicated-On Threads Executed","Divergent Branches","Address Space","Access Operation","Access Size","L1 Tag Requests Global","L1 Conflicts Shared N-Way","L1 Wavefronts Shared Excessive","L1 Wavefronts Shared","L1 Wavefronts Shared Ideal","L2 Theoretical Sectors Global Excessive","L2 Theoretical Sectors Global","L2 Theoretical Sectors Global Ideal","L2 Explicit Evict Policies","L2 Explicit Hit Policy Evict First","L2 Explicit Hit Policy Evict Last","L2 Explicit Hit Policy Evict Normal","L2 Explicit Hit Policy Evict Normal Demote","L2 Explicit Miss Policy Evict First","L2 Explicit Miss Policy Evict Normal","stall_barrier","stall_branch_resolving","stall_dispatch","stall_drain","stall_imc","stall_lg","stall_long_sb","stall_math","stall_membar","stall_mio","stall_misc","stall_no_inst","stall_not_selected","stall_selected","stall_short_sb","stall_sleep","stall_tex","stall_wait","stall_barrier (Not Issued)","stall_branch_resolving (Not Issued)","stall_dispatch (Not Issued)","stall_drain (Not Issued)","stall_imc (Not Issued)","stall_lg (Not Issued)","stall_long_sb (Not Issued)","stall_math (Not Issued)","stall_membar (Not Issued)","stall_mio (Not Issued)","stall_misc (Not Issued)","stall_no_inst (Not Issued)","stall_not_selected (Not Issued)","stall_selected (Not Issued)","stall_short_sb (Not Issued)","stall_sleeping (Not Issued)","stall_tex (Not Issued)","stall_wait (Not Issued)"
"0x7efd8725f200","      IMAD.MOV.U32 R1, RZ, RZ, c[0x0][0x28] ","41","41","41","8192","262144","262144","32","32","0","-","-","-","0","0","0","0","0","0","0","0","-","0","0","0","0","0","0","0","0","0","0","29","0","0","0","0","0","0","11","0","0","1","0","0","0","0","0","0","0","29","0","0","0","0","0","0","11","0","0","1","0","0","0"
"0x7efd8725f210","      S2R R0, SR_CTAID.X ","0","0","0","8192","262144","262144","32","32","0","-","-","-","0","0","0","0","0","0","0","0","-","0","0","0","0","0","0","0","0","0","0","0","0","0","0","0","0","0","0","0","0","0","0","0","0","0","0","0","0","0","0","0","0","0","0","0","0","0","0","0","0","0","0"
"0x7efd8725f220","      ISETP.GE.AND P0, PT, R0, c[0x0][0x188], PT ","61","61","61","8192","262144","262144","32","32","0","-","-","-","0","0","0","0","0","0","0","0","-","0","0","0","0","0","0","0","0","0","0","60","0","0","0","0","0","0","0","0","0","1","0","0","0","0","0","0","0","60","0","0","0","0","0","0","0","0","0","1","0","0","0"
"0x7efd8725f230","@P0   EXIT ","0","0","0","8192","262144","0","32","0","0","-","-","-","0","0","0","0","0","0","0","0","-","0","0","0","0","0","0","0","0","0","0","0","0","0","0","0","0","0","0","0","0","0","0","0","0","0","0","0","0","0","0","0","0","0","0","0","0","0","0","0","0","0","0"
"0x7efd8725f240","      S2R R2, SR_TID.X ","0","0","0","8192","262144","262144","32","32","0","-","-","-","0","0","0","0","0","0","0","0","-","0","0","0","0","0","0","0","0","0","0","0","0","0","0","0","0","0","0","0","0","0","0","0","0","0","0","0","0","0","0","0","0","0","0","0","0","0","0","0","0","0","0"
"0x7efd8725f250","      IMAD.MOV.U32 R23, RZ, RZ, 0x4000 ","0","0","0","8192","262144","262144","32","32","0","-","-","-","0","0","0","0","0","0","0","0","-","0","0","0","0","0","0","0","0","0","0","0","0","0","0","0","0","0","0","0","0","0","0","0","0","0","0","0","0","0","0","0","0","0","0","0","0","0","0","0","0","0","0"
"0x7efd8725f260","      ULDC.64 UR4, c[0x0][0x118] ","9","9","9","8192","262144","262144","32","32","0","-","-","-","0","0","0","0","0","0","0","0","-","0","0","0","0","0","0","0","0","0","0","7","0","0","0","0","0","0","2","0","0","0","0","0","0","0","0","0","0","7","0","0","0","0","0","0","2","0","0","0","0","0","0"
"0x7efd8725f270","      IMAD.MOV.U32 R27, RZ, RZ, 0x8000 ","0","0","0","8192","262144","262144","32","32","0","-","-","-","0","0","0","0","0","0","0","0","-","0","0","0","0","0","0","0","0","0","0","0","0","0","0","0","0","0","0","0","0","0","0","0","0","0","0","0","0","0","0","0","0","0","0","0","0","0","0","0","0","0","0"
"0x7efd8725f280","      IMAD.WIDE R24, R0, R23, c[0x0][0x1b0] ","1","1","1","8192","262144","262144","32","32","0","-","-","-","0","0","0","0","0","0","0","0","-","0","0","0","0","0","0","0","0","0","0","0","0","0","1","0","0","0","0","0","0","0","0","0","0","0","0","0","0","0","0","0","1","0","0","0","0","0","0","0","0","0","0"
"0x7efd8725f290","      IMAD.MOV.U32 R3, RZ, RZ, R0 ","0","0","0","8192","262144","262144","32","32","0","-","-","-","0","0","0","0","0","0","0","0","-","0","0","0","0","0","0","0","0","0","0","0","0","0","0","0","0","0","0","0","0","0","0","0","0","0","0","0","0","0","0","0","0","0","0","0","0","0","0","0","0","0","0"
"0x7efd8725f2a0","      IMAD.WIDE R28, R0, 0x800, RZ ","0","0","0","8192","262144","262144","32","32","0","-","-","-","0","0","0","0","0","0","0","0","-","0","0","0","0","0","0","0","0","0","0","0","0","0","0","0","0","0","0","0","0","0","0","0","0","0","0","0","0","0","0","0","0","0","0","0","0","0","0","0","0","0","0"
"0x7efd8725f2b0","      IMAD.WIDE R26, R0, R27, c[0x0][0x1b8] ","1","1","1","8192","262144","262144","32","32","0","-","-","-","0","0","0","0","0","0","0","0","-","0","0","0","0","0","0","0","0","0","0","0","0","0","0","0","0","0","0","0","0","0","0","0","1","0","0","0","0","0","0","0","0","0","0","0","0","0","0","0","0","0","1"
"0x7efd8725f2c0","      IMAD.WIDE R22, R0, R23, c[0x0][0x1c0] ","3","2","3","8192","262144","262144","32","32","0","-","-","-","0","0","0","0","0","0","0","0","-","0","0","0","0","0","0","0","0","0","0","2","0","0","0","0","0","0","0","0","0","0","0","0","1","0","0","0","0","1","0","0","0","0","0","0","0","0","0","0","0","0","1"
"0x7efd8725f2d0","      IMAD.MOV.U32 R12, RZ, RZ, 0x1c ","14","3","14","518037","16577184","16577184","32","32","0","-","-","-","0","0","0","0","0","0","0","0","-","0","0","0","0","0","0","0","1","2","0","0","0","0","0","0","0","0","9","0","0","0","0","0","2","0","0","0","0","0","0","0","0","0","0","0","2","0","0","0","0","0","1"
"0x7efd8725f2e0","      IMAD.WIDE R12, R3, R12, c[0x0][0x190] ","2","0","2","518037","16577184","16577184","32","32","0","-","-","-","0","0","0","0","0","0","0","0","-","0","0","0","0","0","0","0","0","0","0","0","0","0","0","0","0","0","0","0","0","0","0","0","2","0","0","0","0","0","0","0","0","0","0","0","0","0","0","0","0","0","0"
"0x7efd8725f2f0","      LDG.E R20, [R12.64] ","6","0","6","518037","16577184","16577184","32","32","0","Global","Load","32","518037","0","0","0","0","0","518037","518037","","0","0","0","0","0","0","0","0","1","0","0","0","0","0","0","0","0","0","3","1","0","0","0","1","0","0","0","0","0","0","0","0","0","0","0","0","0","0","0","0","0","0"
"0x7efd8725f300","      LDG.E R10, [R12.64+0x4] ","5","0","5","518037","16577184","16577184","32","32","0","Global","Load","32","518037","0","0","0","0","0","518037","518037","","0","0","0","0","0","0","0","0","0","0","0","0","0","0","0","0","0","0","0","0","0","0","0","5","0","0","0","0","0","0","0","0","0","0","0","0","0","0","0","0","0","0"
"0x7efd8725f310","      IMAD.MOV.U32 R11, RZ, RZ, 0x8 ","0","0","0","518037","16577184","16577184","32","32","0","-","-","-","0","0","0","0","0","0","0","0","-","0","0","0","0","0","0","0","0","0","0","0","0","0","0","0","0","0","0","0","0","0","0","0","0","0","0","0","0","0","0","0","0","0","0","0","0","0","0","0","0","0","0"
"0x7efd8725f320","      LDG.E R4, [R12.64+0x18] ","7","1","7","518037","16577184","16577184","32","32","0","Global","Load","32","518037","0","0","0","0","0","518037","518037","","0","0","0","0","0","0","0","0","0","0","0","0","0","0","0","0","0","0","2","1","0","0","0","4","0","0","0","0","0","0","0","0","0","0","0","0","0","0","0","0","0","1"
"0x7efd8725f330","      LDG.E R7, [R12.64+0x10] ","1","0","1","518037","16577184","16577184","32","32","0","Global","Load","32","518037","0","0","0","0","0","518037","518037","","0","0","0","0","0","0","0","0","0","0","0","0","0","0","0","0","0","0","0","0","0","0","0","1","0","0","0","0","0","0","0","0","0","0","0","0","0","0","0","0","0","0"
"0x7efd8725f340","      IMAD.WIDE R20, R20, R11, c[0x0][0x168] ","304","114","304","518037","16577184","16577184","32","32","0","-","-","-","0","0","0","0","0","0","0","0","-","0","0","0","0","0","0","0","0","1","0","12","0","286","0","0","0","0","0","3","2","0","0","0","0","0","0","0","0","11","0","103","0","0","0","0","0","0","0","0","0","0","0"
"0x7efd8725f350","      IMAD.WIDE R10, R10, R11, c[0x0][0x180] ","7","2","7","518037","16577184","16577184","32","32","0","-","-","-","0","0","0","0","0","0","0","0","-","0","0","0","0","0","0","0","0","1","0","0","0","3","1","0","0","0","0","1","0","0","0","0","1","0","0","0","0","0","0","1","0","0","0","0","0","0","0","0","0","0","1"
"0x7efd8725f360","      LDG.E.64 R20, [R20.64] ","4","0","4","518037","16577184","16577184","32","32","0","Global","Load","64","518037","0","0","0","0","0","518037","518037","","0","0","0","0","0","0","0","0","0","0","0","0","0","0","0","0","0","0","0","1","0","0","0","3","0","0","0","0","0","0","0","0","0","0","0","0","0","0","0","0","0","0"
"0x7efd8725f370","      LDG.E.64 R10, [R10.64] ","3","0","3","518037","16577184","16577184","32","32","0","Global","Load","64","518037","0","0","0","0","0","518037","518037","","0","0","0","0","0","0","0","0","0","0","0","0","0","0","0","0","0","0","1","1","0","0","0","1","0","0","0","0","0","0","0","0","0","0","0","0","0","0","0","0","0","0"
"0x7efd8725f380","      ISETP.NE.AND P3, PT, R2, RZ, PT ","1","0","1","518037","16577184","16577184","32","32","0","-","-","-","0","0","0","0","0","0","0","0","-","0","0","0","0","0","0","0","0","0","0","0","0","0","0","0","0","0","0","0","1","0","0","0","0","0","0","0","0","0","0","0","0","0","0","0","0","0","0","0","0","0","0"
"0x7efd8725f390","      IMAD.MOV.U32 R5, RZ, RZ, c[0x0][0x170] ","0","0","0","518037","16577184","16577184","32","32","0","-","-","-","0","0","0","0","0","0","0","0","-","0","0","0","0","0","0","0","0","0","0","0","0","0","0","0","0","0","0","0","0","0","0","0","0","0","0","0","0","0","0","0","0","0","0","0","0","0","0","0","0","0","0"
"0x7efd8725f3a0","      ISETP.NE.AND P0, PT, R4, RZ, PT ","9","2","9","518037","16577184","16577184","32","32","0","-","-","-","0","0","0","0","0","0","0","0","-","0","0","0","0","0","0","0","0","0","0","0","0","8","1","0","0","0","0","0","0","0","0","0","0","0","0","0","0","0","0","1","1","0","0","0","0","0","0","0","0","0","0"
"0x7efd8725f3b0","      IMAD.MOV.U32 R6, RZ, RZ, c[0x0][0x174] ","2","0","2","518037","16577184","16577184","32","32","0","-","-","-","0","0","0","0","0","0","0","0","-","0","0","0","0","0","0","0","0","0","0","0","0","0","0","0","0","0","0","0","2","0","0","0","0","0","0","0","0","0","0","0","0","0","0","0","0","0","0","0","0","0","0"
"0x7efd8725f3c0","      BSSY B0, 0x7efd8725f650 ","1","0","1","518037","16577184","16577184","32","32","0","-","-","-","0","0","0","0","0","0","0","0","-","0","0","0","0","0","0","0","0","0","0","0","0","0","0","0","0","0","0","0","1","0","0","0","0","0","0","0","0","0","0","0","0","0","0","0","0","0","0","0","0","0","0"
"0x7efd8725f3d0","      SHF.R.S32.HI R4, RZ, 0x1f, R3 ","0","0","0","518037","16577184","16577184","32","32","0","-","-","-","0","0","0","0","0","0","0","0","-","0","0","0","0","0","0","0","0","0","0","0","0","0","0","0","0","0","0","0","0","0","0","0","0","0","0","0","0","0","0","0","0","0","0","0","0","0","0","0","0","0","0"
"0x7efd8725f3e0","      SEL R5, R5, c[0x0][0x178], !P0 ","17","2","17","518037","16577184","16577184","32","32","0","-","-","-","0","0","0","0","0","0","0","0","-","0","0","0","0","0","0","0","0","0","0","0","0","0","6","0","0","0","0","7","1","0","0","0","3","0","0","0","0","0","0","0","1","0","0","0","0","0","0","0","0","0","1"
"0x7efd8725f3f0","      SEL R6, R6, c[0x0][0x17c], !P0 ","1","1","1","518037","16577184","16577184","32","32","0","-","-","-","0","0","0","0","0","0","0","0","-","0","0","0","0","0","0","0","0","0","0","0","0","0","0","0","0","0","0","0","0","0","0","0","1","0","0","0","0","0","0","0","0","0","0","0","0","0","0","0","0","0","1"
"0x7efd8725f400","@P3   BRA 0x7efd8725f640 ","5","0","5","518037","16577184","16059147","32","31","518037","-","-","-","0","0","0","0","0","0","0","0","-","0","0","0","0","0","0","0","0","1","0","0","0","0","0","0","0","0","0","0","2","0","0","0","2","0","0","0","0","0","0","0","0","0","0","0","0","0","0","0","0","0","0"
"0x7efd8725f410","      LDG.E R8, [R12.64+0x14] ","10","2","10","518037","518037","518037","1","1","0","Global","Load","32","518037","0","0","0","0","0","518037","518037","","0","0","0","0","0","0","0","5","0","0","0","0","0","0","0","0","0","0","0","0","0","0","0","5","0","1","0","0","0","0","0","0","0","0","0","0","0","0","0","0","0","1"
"0x7efd8725f420","      IMNMX R17, R7, R8, PT ","160","40","160","518037","518037","518037","1","1","0","-","-","-","0","0","0","0","0","0","0","0","-","0","0","0","0","0","0","0","0","2","0","0","0","148","4","0","0","0","0","4","1","0","0","0","1","0","0","0","0","0","0","39","1","0","0","0","0","0","0","0","0","0","0"
"0x7efd8725f430","      LOP3.LUT R15, RZ, R17, RZ, 0x33, !PT ","10","0","10","518037","518037","518037","1","1","0","-","-","-","0","0","0","0","0","0","0","0","-","0","0","0","0","0","0","0","0","0","0","0","0","0","2","0","0","0","0","5","0","0","0","0","3","0","0","0","0","0","0","0","0","0","0","0","0","0","0","0","0","0","0"
"0x7efd8725f440","      IMAD.IADD R14, R8, 0x1, -R17 ","1","0","1","518037","518037","518037","1","1","0","-","-","-","0","0","0","0","0","0","0","0","-","0","0","0","0","0","0","0","0","0","0","0","0","0","0","0","0","0","0","0","1","0","0","0","0","0","0","0","0","0","0","0","0","0","0","0","0","0","0","0","0","0","0"
"0x7efd8725f450","      IADD3 R15, R8, 0x2, R15 ","9","0","9","518037","518037","518037","1","1","0","-","-","-","0","0","0","0","0","0","0","0","-","0","0","0","0","0","0","0","0","1","0","0","0","0","0","0","0","0","0","3","1","0","0","0","4","0","0","0","0","0","0","0","0","0","0","0","0","0","0","0","0","0","0"
"0x7efd8725f460","      ISETP.GE.U32.AND P2, PT, R14, 0x3, PT ","2","0","2","518037","518037","518037","1","1","0","-","-","-","0","0","0","0","0","0","0","0","-","0","0","0","0","0","0","0","0","1","0","0","0","0","0","0","0","0","0","0","1","0","0","0","0","0","0","0","0","0","0","0","0","0","0","0","0","0","0","0","0","0","0"
"0x7efd8725f470","      IMAD.MOV.U32 R14, RZ, RZ, R8 ","1","0","1","518037","518037","518037","1","1","0","-","-","-","0","0","0","0","0","0","0","0","-","0","0","0","0","0","0","0","0","0","0","0","0","0","0","0","0","0","0","0","1","0","0","0","0","0","0","0","0","0","0","0","0","0","0","0","0","0","0","0","0","0","0"
"0x7efd8725f480","      LOP3.LUT P0, R15, R15, 0x3, RZ, 0xc0, !PT ","1","0","1","518037","518037","518037","1","1","0","-","-","-","0","0","0","0","0","0","0","0","-","0","0","0","0","0","0","0","0","0","0","0","0","0","0","0","0","0","0","0","1","0","0","0","0","0","0","0","0","0","0","0","0","0","0","0","0","0","0","0","0","0","0"
"0x7efd8725f490","@!P0  BRA 0x7efd8725f530 ","7","1","7","518037","518037","0","1","0","0","-","-","-","0","0","0","0","0","0","0","0","-","0","0","0","0","0","0","0","0","0","0","0","0","0","0","0","0","0","0","0","1","0","0","0","6","0","0","0","0","0","0","0","0","0","0","0","0","0","0","0","0","0","1"
"0x7efd8725f4a0","      ISETP.NE.AND P0, PT, R15, 0x1, PT ","5","0","5","518037","518037","518037","1","1","0","-","-","-","0","0","0","0","0","0","0","0","-","0","0","0","0","0","0","0","0","0","0","0","0","0","0","0","0","0","0","0","2","0","0","0","3","0","0","0","0","0","0","0","0","0","0","0","0","0","0","0","0","0","0"
"0x7efd8725f4b0","      IMAD.MOV.U32 R9, RZ, RZ, R8 ","0","0","0","518037","518037","518037","1","1","0","-","-","-","0","0","0","0","0","0","0","0","-","0","0","0","0","0","0","0","0","0","0","0","0","0","0","0","0","0","0","0","0","0","0","0","0","0","0","0","0","0","0","0","0","0","0","0","0","0","0","0","0","0","0"
"0x7efd8725f4c0","      IADD3 R14, R8, -0x1, RZ ","1","0","1","518037","518037","518037","1","1","0","-","-","-","0","0","0","0","0","0","0","0","-","0","0","0","0","0","0","0","0","0","0","0","0","0","0","0","0","0","0","0","1","0","0","0","0","0","0","0","0","0","0","0","0","0","0","0","0","0","0","0","0","0","0"
"0x7efd8725f4d0","@P0   ISETP.NE.AND P1, PT, R15, 0x2, PT ","15","1","15","518037","518037","0","1","0","0","-","-","-","0","0","0","0","0","0","0","0","-","0","0","0","0","0","0","0","0","4","0","0","0","0","1","0","0","0","0","3","0","0","0","0","7","0","0","0","0","0","0","0","0","0","0","0","0","0","0","0","0","0","1"
"0x7efd8725f4e0","@P0   IADD3 R13, R8, -0x2, RZ ","1","0","1","518037","518037","0","1","0","0","-","-","-","0","0","0","0","0","0","0","0","-","0","0","0","0","0","0","0","0","0","0","0","0","0","1","0","0","0","0","0","0","0","0","0","0","0","0","0","0","0","0","0","0","0","0","0","0","0","0","0","0","0","0"
"0x7efd8725f4f0","@P0   IADD3 R12, R8, -0x3, RZ ","2","1","2","518037","518037","0","1","0","0","-","-","-","0","0","0","0","0","0","0","0","-","0","0","0","0","0","0","0","0","0","0","0","0","0","0","0","0","0","0","0","0","0","0","0","2","0","0","0","0","0","0","0","0","0","0","0","0","0","0","0","0","0","1"
"0x7efd8725f500","@P0   SEL R9, R14, R13, !P1 ","3","0","3","518037","518037","0","1","0","0","-","-","-","0","0","0","0","0","0","0","0","-","0","0","0","0","0","0","0","0","0","0","0","0","0","0","0","0","0","0","0","3","0","0","0","0","0","0","0","0","0","0","0","0","0","0","0","0","0","0","0","0","0","0"
"0x7efd8725f510","@P0   SEL R12, R13, R12, !P1 ","2","0","2","518037","518037","0","1","0","0","-","-","-","0","0","0","0","0","0","0","0","-","0","0","0","0","0","0","0","0","0","0","0","0","0","0","0","0","0","0","0","2","0","0","0","0","0","0","0","0","0","0","0","0","0","0","0","0","0","0","0","0","0","0"
"0x7efd8725f520","@P0   IMAD.MOV.U32 R14, RZ, RZ, R12 ","4","1","4","518037","518037","0","1","0","0","-","-","-","0","0","0","0","0","0","0","0","-","0","0","0","0","0","0","0","0","1","0","0","0","0","0","0","0","0","0","0","2","0","0","0","1","0","0","0","0","0","0","0","0","0","0","0","0","0","0","0","0","0","1"
"0x7efd8725f530","@!P2  BRA 0x7efd8725f580 ","1","0","1","518037","518037","518037","1","1","0","-","-","-","0","0","0","0","0","0","0","0","-","0","0","0","0","0","0","0","0","0","0","0","0","0","0","0","0","0","0","0","0","0","0","0","1","0","0","0","0","0","0","0","0","0","0","0","0","0","0","0","0","0","0"
"0x7efd8725f540","      IADD3 R9, R14, -0x3, RZ ","3","1","3","0","0","0","0","0","0","-","-","-","0","0","0","0","0","0","0","0","-","0","0","0","0","0","0","0","0","0","0","0","0","0","0","0","0","0","0","0","0","0","0","0","3","0","0","0","0","0","0","0","0","0","0","0","0","0","0","0","0","0","1"
"0x7efd8725f550","      IADD3 R14, R14, -0x4, RZ ","0","0","0","0","0","0","0","0","0","-","-","-","0","0","0","0","0","0","0","0","-","0","0","0","0","0","0","0","0","0","0","0","0","0","0","0","0","0","0","0","0","0","0","0","0","0","0","0","0","0","0","0","0","0","0","0","0","0","0","0","0","0","0"
"0x7efd8725f560","      ISETP.GE.AND P0, PT, R7, R9, PT ","0","0","0","0","0","0","0","0","0","-","-","-","0","0","0","0","0","0","0","0","-","0","0","0","0","0","0","0","0","0","0","0","0","0","0","0","0","0","0","0","0","0","0","0","0","0","0","0","0","0","0","0","0","0","0","0","0","0","0","0","0","0","0"
"0x7efd8725f570","@!P0  BRA 0x7efd8725f540 ","0","0","0","0","0","0","0","0","0","-","-","-","0","0","0","0","0","0","0","0","-","0","0","0","0","0","0","0","0","0","0","0","0","0","0","0","0","0","0","0","0","0","0","0","0","0","0","0","0","0","0","0","0","0","0","0","0","0","0","0","0","0","0"
"0x7efd8725f580","      IMAD.IADD R12, R7, 0x1, R9 ","4","1","4","518037","518037","518037","1","1","0","-","-","-","0","0","0","0","0","0","0","0","-","0","0","0","0","0","0","0","0","0","0","0","0","0","0","0","0","0","4","0","0","0","0","0","0","0","0","0","0","0","0","0","0","0","0","0","1","0","0","0","0","0","0"
"0x7efd8725f590","      STS.64 [RZ], R8 ","1","0","1","518037","518037","518037","1","1","0","Shared","Store","64","0","1","0","518037","518037","0","0","0","-","0","0","0","0","0","0","0","0","0","0","0","0","0","0","0","0","0","0","0","1","0","0","0","0","0","0","0","0","0","0","0","0","0","0","0","0","0","0","0","0","0","0"
"0x7efd8725f5a0","      IMAD.MOV.U32 R15, RZ, RZ, 0x1 ","2","0","2","518037","518037","518037","1","1","0","-","-","-","0","0","0","0","0","0","0","0","-","0","0","0","0","0","0","0","0","2","0","0","0","0","0","0","0","0","0","0","0","0","0","0","0","0","0","0","0","0","0","0","0","0","0","0","0","0","0","0","0","0","0"
"0x7efd8725f5b0","      IMAD.MOV.U32 R14, RZ, RZ, RZ ","0","0","0","518037","518037","518037","1","1","0","-","-","-","0","0","0","0","0","0","0","0","-","0","0","0","0","0","0","0","0","0","0","0","0","0","0","0","0","0","0","0","0","0","0","0","0","0","0","0","0","0","0","0","0","0","0","0","0","0","0","0","0","0","0"
"0x7efd8725f5c0","      SHF.R.S32.HI R12, RZ, 0x1, R12 ","3","0","3","518037","518037","518037","1","1","0","-","-","-","0","0","0","0","0","0","0","0","-","0","0","0","0","0","0","0","0","0","0","0","0","0","0","0","0","0","0","0","3","0","0","0","0","0","0","0","0","0","0","0","0","0","0","0","0","0","0","0","0","0","0"
"0x7efd8725f5d0","      STS [0x1c], R7 ","1","0","1","518037","518037","518037","1","1","0","Shared","Store","32","0","1","0","518037","518037","0","0","0","-","0","0","0","0","0","0","0","0","0","0","0","0","0","0","0","0","0","0","0","1","0","0","0","0","0","0","0","0","0","0","0","0","0","0","0","0","0","0","0","0","0","0"
"0x7efd8725f5e0","      STS.64 [0x28], R14 ","3","0","3","518037","518037","518037","1","1","0","Shared","Store","64","0","1","0","518037","518037","0","0","0","-","0","0","0","0","0","0","0","0","0","0","0","0","0","0","0","0","0","0","0","0","0","0","0","3","0","0","0","0","0","0","0","0","0","0","0","0","0","0","0","0","0","0"
"0x7efd8725f5f0","      STS [0x24], R12 ","2","0","2","518037","518037","518037","1","1","0","Shared","Store","32","0","1","0","518037","518037","0","0","0","-","0","0","0","0","0","0","0","0","0","0","0","0","0","0","0","0","0","0","0","1","0","0","0","1","0","0","0","0","0","0","0","0","0","0","0","0","0","0","0","0","0","0"
"0x7efd8725f600","      STS [0x18], R12 ","6","1","6","518037","518037","518037","1","1","0","Shared","Store","32","0","1","0","518037","518037","0","0","0","-","0","0","0","0","0","0","0","0","0","0","0","0","0","0","0","1","0","0","0","1","0","0","0","4","0","0","0","0","0","0","0","0","0","0","0","0","0","0","0","0","0","1"
"0x7efd8725f610","      STS [0x20], R7 ","6","0","6","518037","518037","518037","1","1","0","Shared","Store","32","0","1","0","518037","518037","0","0","0","-","0","0","0","0","0","0","0","0","0","0","0","0","0","0","0","0","0","0","0","0","0","0","0","6","0","0","0","0","0","0","0","0","0","0","0","0","0","0","0","0","0","0"
"0x7efd8725f620","      STS [0x14], R7 ","3","1","3","518037","518037","518037","1","1","0","Shared","Store","32","0","1","0","518037","518037","0","0","0","-","0","0","0","0","0","0","0","0","1","0","0","0","0","0","0","0","0","0","0","0","0","0","0","2","0","0","1","0","0","0","0","0","0","0","0","0","0","0","0","0","0","0"
"0x7efd8725f630","      STS.64 [0x30], RZ ","7","0","7","518037","518037","518037","1","1","0","Shared","Store","64","0","1","0","518037","518037","0","0","0","-","0","0","0","0","0","0","0","0","0","0","0","0","0","0","0","0","0","0","3","2","0","0","0","2","0","0","0","0","0","0","0","0","0","0","0","0","0","0","0","0","0","0"
"0x7efd8725f640","      BSYNC B0 ","6","3","6","1036074","16577184","16577184","16","16","0","-","-","-","0","0","0","0","0","0","0","0","-","0","0","0","0","0","0","0","2","0","0","0","0","0","0","0","0","0","2","0","1","0","0","0","1","0","1","0","0","0","0","0","0","0","0","0","2","0","0","0","0","0","0"
"0x7efd8725f650","      NOP ","25","3","25","518037","16577184","16577184","32","32","0","-","-","-","0","0","0","0","0","0","0","0","-","0","0","0","0","0","0","0","14","1","0","0","0","0","0","0","0","0","0","1","3","0","0","0","6","0","3","0","0","0","0","0","0","0","0","0","0","0","0","0","0","0","0"
"0x7efd8725f660","      LDS.64 R14, [RZ] ","5","0","5","518037","16577184","16577184","32","32","0","Shared","Load","64","0","1","0","518037","518037","0","0","0","-","0","0","0","0","0","0","0","0","1","0","0","0","0","0","0","0","0","0","3","0","0","0","0","1","0","0","0","0","0","0","0","0","0","0","0","0","0","0","0","0","0","0"
"0x7efd8725f670","      BSSY B0, 0x7efd87261e90 ","0","0","0","518037","16577184","16577184","32","32","0","-","-","-","0","0","0","0","0","0","0","0","-","0","0","0","0","0","0","0","0","0","0","0","0","0","0","0","0","0","0","0","0","0","0","0","0","0","0","0","0","0","0","0","0","0","0","0","0","0","0","0","0","0","0"
"0x7efd8725f680","      IMAD.IADD R38, R15, 0x1, -R14 ","22","6","22","518037","16577184","16577184","32","32","0","-","-","-","0","0","0","0","0","0","0","0","-","0","0","0","0","0","0","0","0","0","0","0","0","0","0","0","0","0","0","2","1","19","0","0","0","0","0","0","0","0","0","0","0","0","0","0","0","0","0","6","0","0","0"
"0x7efd8725f690","      ISETP.GT.AND P0, PT, R38, 0x7ff, PT ","10","2","10","518037","16577184","16577184","32","32","0","-","-","-","0","0","0","0","0","0","0","0","-","0","0","0","0","0","0","0","0","2","0","0","0","0","4","0","0","0","0","2","1","0","0","0","1","0","0","0","0","0","0","0","2","0","0","0","0","0","0","0","0","0","0"
"0x7efd8725f6a0","@P0   BRA 0x7efd87261d10 ","16","4","16","518037","16577184","0","32","0","0","-","-","-","0","0","0","0","0","0","0","0","-","0","0","0","0","0","0","0","0","1","0","0","0","0","0","0","0","0","0","1","0","0","0","0","14","0","0","0","0","0","0","0","0","0","0","0","0","0","0","0","0","0","4"
"0x7efd8725f6b0","      IMAD.IADD R37, R2, 0x1, R14 ","9","2","9","518037","16577184","16577184","32","32","0","-","-","-","0","0","0","0","0","0","0","0","-","0","0","0","0","0","0","0","0","0","0","0","0","0","1","0","0","0","0","2","0","0","0","0","6","0","0","0","0","0","0","0","0","0","0","0","0","0","0","0","0","0","2"
"0x7efd8725f6c0","      BSSY B1, 0x7efd8725fae0 ","2","0","2","518037","16577184","16577184","32","32","0","-","-","-","0","0","0","0","0","0","0","0","-","0","0","0","0","0","0","0","0","0","0","0","0","0","0","0","0","0","0","0","2","0","0","0","0","0","0","0","0","0","0","0","0","0","0","0","0","0","0","0","0","0","0"
"0x7efd8725f6d0","      IMAD.MOV.U32 R13, RZ, RZ, R15 ","0","0","0","518037","16577184","16577184","32","32","0","-","-","-","0","0","0","0","0","0","0","0","-","0","0","0","0","0","0","0","0","0","0","0","0","0","0","0","0","0","0","0","0","0","0","0","0","0","0","0","0","0","0","0","0","0","0","0","0","0","0","0","0","0","0"
"0x7efd8725f6e0","      ISETP.GT.AND P0, PT, R37, R13, PT ","10","0","10","518037","16577184","16577184","32","32","0","-","-","-","0","0","0","0","0","0","0","0","-","0","0","0","0","0","0","0","0","2","0","0","0","0","4","0","0","0","0","3","0","0","0","0","1","0","0","0","0","0","0","0","0","0","0","0","0","0","0","0","0","0","0"
"0x7efd8725f6f0","@P0   BRA 0x7efd8725fad0 ","15","3","15","518037","16577184","16059147","32","31","518037","-","-","-","0","0","0","0","0","0","0","0","-","0","0","0","0","0","0","0","0","1","0","0","0","0","0","0","0","0","0","0","3","0","0","0","11","0","0","0","0","0","0","0","0","0","0","0","0","0","0","0","0","0","3"
"0x7efd8725f700","      IADD3 R12, P0, P1, R5, 0x1, R10 ","10","3","10","518037","518037","518037","1","1","0","-","-","-","0","0","0","0","0","0","0","0","-","0","0","0","0","0","0","0","4","0","0","0","0","0","1","0","0","0","0","1","0","0","0","0","4","0","1","0","0","0","0","0","0","0","0","0","0","0","0","0","0","0","2"
"0x7efd8725f710","      IADD3 R8, P2, R20, c[0x0][0x160], RZ ","1","0","1","518037","518037","518037","1","1","0","-","-","-","0","0","0","0","0","0","0","0","-","0","0","0","0","0","0","0","0","0","0","0","0","0","0","0","0","0","0","0","1","0","0","0","0","0","0","0","0","0","0","0","0","0","0","0","0","0","0","0","0","0","0"
"0x7efd8725f720","      IADD3.X R36, R6, RZ, R11, P0, P1 ","5","1","5","518037","518037","518037","1","1","0","-","-","-","0","0","0","0","0","0","0","0","-","0","0","0","0","0","0","0","0","0","0","0","0","0","0","0","0","0","0","1","2","0","0","0","2","0","0","0","0","0","0","0","0","0","0","0","0","0","0","0","0","0","1"
"0x7efd8725f730","      IADD3.X R15, R21, c[0x0][0x164], RZ, P2, !PT ","1","0","1","518037","518037","518037","1","1","0","-","-","-","0","0","0","0","0","0","0","0","-","0","0","0","0","0","0","0","0","0","0","0","0","0","0","0","0","0","0","0","1","0","0","0","0","0","0","0","0","0","0","0","0","0","0","0","0","0","0","0","0","0","0"
"0x7efd8725f740","      IMAD.IADD R16, R7, 0x1, R37 ","1","0","1","518037","518037","518037","1","1","0","-","-","-","0","0","0","0","0","0","0","0","-","0","0","0","0","0","0","0","0","0","0","0","0","0","0","0","0","0","0","1","0","0","0","0","0","0","0","0","0","0","0","0","0","0","0","0","0","0","0","0","0","0","0"
"0x7efd8725f750","      SHF.R.S32.HI R18, RZ, 0x1, R16 ","11","2","11","518037","518037","518037","1","1","0","-","-","-","0","0","0","0","0","0","0","0","-","0","0","0","0","0","0","0","0","1","0","0","0","0","2","0","0","0","0","5","0","0","0","0","3","0","0","1","0","0","0","0","1","0","0","0","0","0","0","0","0","0","0"
"0x7efd8725f760","      IMAD.IADD R16, R18, 0x1, -R37 ","9","1","9","518037","518037","518037","1","1","0","-","-","-","0","0","0","0","0","0","0","0","-","0","0","0","0","0","0","0","0","0","0","0","0","0","0","0","0","0","0","3","3","0","0","0","3","0","0","0","0","0","0","0","0","0","0","0","0","0","0","0","0","0","1"
"0x7efd8725f770","      SHF.R.S32.HI R17, RZ, 0x1f, R16 ","9","1","9","518037","518037","518037","1","1","0","-","-","-","0","0","0","0","0","0","0","0","-","0","0","0","0","0","0","0","0","0","0","0","0","0","2","0","0","0","0","4","0","0","0","0","3","0","0","0","0","0","0","0","0","0","0","0","0","0","0","0","0","0","1"
"0x7efd8725f780","      IADD3 R16, P0, P1, R5, R10, R16 ","1","0","1","518037","518037","518037","1","1","0","-","-","-","0","0","0","0","0","0","0","0","-","0","0","0","0","0","0","0","0","1","0","0","0","0","0","0","0","0","0","0","0","0","0","0","0","0","0","0","0","0","0","0","0","0","0","0","0","0","0","0","0","0","0"
"0x7efd8725f790","      IADD3.X R17, R6, R11, R17, P0, P1 ","7","0","7","518037","518037","518037","1","1","0","-","-","-","0","0","0","0","0","0","0","0","-","0","0","0","0","0","0","0","0","1","0","0","0","0","2","0","0","0","0","1","0","0","0","0","3","0","0","0","0","0","0","0","0","0","0","0","0","0","0","0","0","0","0"
"0x7efd8725f7a0","      LDG.E.U8 R16, [R16.64] ","7","1","7","518037","518037","518037","1","1","0","Global","Load","8","518037","0","0","0","0","0","518037","518037","","0","0","0","0","0","0","0","0","1","0","0","0","0","0","0","0","0","0","0","1","0","0","0","5","0","0","0","0","0","0","0","0","0","0","0","0","0","0","0","0","0","1"
"0x7efd8725f7b0","      BSSY B2, 0x7efd8725f9a0 ","3","0","3","518037","518037","518037","1","1","0","-","-","-","0","0","0","0","0","0","0","0","-","0","0","0","0","0","0","0","0","0","0","0","0","0","0","0","0","0","0","0","3","0","0","0","0","0","0","0","0","0","0","0","0","0","0","0","0","0","0","0","0","0","0"
"0x7efd8725f7c0","      IMAD.MOV.U32 R39, RZ, RZ, 0x2 ","1","0","1","518037","518037","518037","1","1","0","-","-","-","0","0","0","0","0","0","0","0","-","0","0","0","0","0","0","0","0","0","0","0","0","0","0","0","0","0","0","0","1","0","0","0","0","0","0","0","0","0","0","0","0","0","0","0","0","0","0","0","0","0","0"
"0x7efd8725f7d0","      ISETP.NE.AND P0, PT, R16, 0x4, PT ","375","103","375","518037","518037","518037","1","1","0","-","-","-","0","0","0","0","0","0","0","0","-","0","0","0","0","0","0","0","0","1","0","0","0","360","6","0","0","0","0","7","1","0","0","0","0","0","0","0","0","0","0","103","0","0","0","0","0","0","0","0","0","0","0"
"0x7efd8725f7e0","@!P0  BRA 0x7efd8725f990 ","13","2","13","518037","518037","0","1","0","0","-","-","-","0","0","0","0","0","0","0","0","-","0","0","0","0","0","0","0","0","0","0","0","0","0","0","0","0","0","0","0","0","0","0","0","13","0","0","0","0","0","0","0","0","0","0","0","0","0","0","0","0","0","2"
"0x7efd8725f7f0","      SHF.R.S32.HI R17, RZ, 0x1f, R18 ","6","1","6","518037","518037","518037","1","1","0","-","-","-","0","0","0","0","0","0","0","0","-","0","0","0","0","0","0","0","0","0","0","0","0","0","2","0","0","0","0","0","0","0","0","0","4","0","0","0","0","0","0","0","0","0","0","0","0","0","0","0","0","0","1"
"0x7efd8725f800","      IADD3 R32, P0, P1, R12, R18, -R37 ","0","0","0","518037","518037","518037","1","1","0","-","-","-","0","0","0","0","0","0","0","0","-","0","0","0","0","0","0","0","0","0","0","0","0","0","0","0","0","0","0","0","0","0","0","0","0","0","0","0","0","0","0","0","0","0","0","0","0","0","0","0","0","0","0"
"0x7efd8725f810","      IADD3 R31, P2, R18, R8, RZ ","4","0","4","518037","518037","518037","1","1","0","-","-","-","0","0","0","0","0","0","0","0","-","0","0","0","0","0","0","0","0","1","0","0","0","0","0","0","0","0","0","0","1","0","0","0","2","0","0","0","0","0","0","0","0","0","0","0","0","0","0","0","0","0","0"
"0x7efd8725f820","      SHF.R.S32.HI R30, RZ, 0x1f, R37 ","2","0","2","518037","518037","518037","1","1","0","-","-","-","0","0","0","0","0","0","0","0","-","0","0","0","0","0","0","0","0","1","0","0","0","0","0","0","0","0","0","0","1","0","0","0","0","0","0","0","0","0","0","0","0","0","0","0","0","0","0","0","0","0","0"
"0x7efd8725f830","      PRMT R19, R16, 0x7610, R19 ","2","0","2","518037","518037","518037","1","1","0","-","-","-","0","0","0","0","0","0","0","0","-","0","0","0","0","0","0","0","0","0","0","0","0","0","0","0","0","0","0","0","1","0","0","0","1","0","0","0","0","0","0","0","0","0","0","0","0","0","0","0","0","0","0"
"0x7efd8725f840","      IADD3.X R33, R36, R17, ~R30, P0, P1 ","0","0","0","518037","518037","518037","1","1","0","-","-","-","0","0","0","0","0","0","0","0","-","0","0","0","0","0","0","0","0","0","0","0","0","0","0","0","0","0","0","0","0","0","0","0","0","0","0","0","0","0","0","0","0","0","0","0","0","0","0","0","0","0","0"
"0x7efd8725f850","      IMAD.X R30, R17, 0x1, R15, P2 ","0","0","0","518037","518037","518037","1","1","0","-","-","-","0","0","0","0","0","0","0","0","-","0","0","0","0","0","0","0","0","0","0","0","0","0","0","0","0","0","0","0","0","0","0","0","0","0","0","0","0","0","0","0","0","0","0","0","0","0","0","0","0","0","0"
"0x7efd8725f860","      IMAD.MOV.U32 R16, RZ, RZ, R31 ","55","9","55","3882748","3882748","3882748","1","1","0","-","-","-","0","0","0","0","0","0","0","0","-","0","0","0","0","0","0","0","21","0","0","0","0","0","2","0","0","0","25","7","0","0","0","0","0","0","6","0","0","0","0","0","0","0","0","0","3","0","0","0","0","0","0"
"0x7efd8725f870","      IMAD.MOV.U32 R17, RZ, RZ, R30 ","15","0","15","3882748","3882748","3882748","1","1","0","-","-","-","0","0","0","0","0","0","0","0","-","0","0","0","0","0","0","0","0","3","0","0","0","0","1","0","0","0","0","1","4","0","0","0","6","0","0","0","0","0","0","0","0","0","0","0","0","0","0","0","0","0","0"
"0x7efd8725f880","      LDG.E.U8 R16, [R16.64] ","71","6","71","3882748","3882748","3882748","1","1","0","Global","Load","8","3882748","0","0","0","0","0","3882748","3882748","","0","0","0","0","0","0","0","0","8","0","0","0","0","0","0","0","0","1","16","9","0","0","0","37","0","0","0","0","0","0","0","0","0","0","0","0","0","0","0","0","0","6"
"0x7efd8725f890","      PRMT R19, R19, 0x9910, RZ ","11","0","11","3882748","3882748","3882748","1","1","0","-","-","-","0","0","0","0","0","0","0","0","-","0","0","0","0","0","0","0","0","2","0","0","0","0","0","0","0","0","0","0","9","0","0","0","0","0","0","0","0","0","0","0","0","0","0","0","0","0","0","0","0","0","0"
"0x7efd8725f8a0","      ISETP.NE.AND P0, PT, R19, R16, PT ","664","130","664","3882748","3882748","3882748","1","1","0","-","-","-","0","0","0","0","0","0","0","0","-","0","0","0","0","0","0","0","0","14","0","0","0","550","31","0","0","0","0","38","7","0","0","0","24","0","0","1","0","0","0","122","6","0","0","0","0","0","0","0","0","0","1"
"0x7efd8725f8b0","@P0   BRA 0x7efd8725f970 ","125","15","125","3882748","3882748","518037","1","0","0","-","-","-","0","0","0","0","0","0","0","0","-","0","0","0","0","0","0","0","0","6","0","0","0","0","0","0","0","0","0","10","7","0","0","0","102","0","0","0","0","0","0","0","0","0","0","0","0","0","0","0","0","0","15"
"0x7efd8725f8c0","      IMAD.MOV.U32 R16, RZ, RZ, R32 ","46","6","46","3364711","3364711","3364711","1","1","0","-","-","-","0","0","0","0","0","0","0","0","-","0","0","0","0","0","0","0","0","1","0","0","0","0","1","0","0","0","0","3","10","0","0","0","31","0","0","0","0","0","0","0","0","0","0","0","0","0","0","0","0","0","6"
"0x7efd8725f8d0","      IMAD.MOV.U32 R17, RZ, RZ, R33 ","13","0","13","3364711","3364711","3364711","1","1","0","-","-","-","0","0","0","0","0","0","0","0","-","0","0","0","0","0","0","0","0","0","0","0","0","0","1","0","0","0","0","1","3","0","0","0","8","0","0","0","0","0","0","0","0","0","0","0","0","0","0","0","0","0","0"
"0x7efd8725f8e0","      LDG.E.U8 R19, [R16.64] ","49","5","49","3364711","3364711","3364711","1","1","0","Global","Load","8","3364711","0","0","0","0","0","3364711","3364711","","0","0","0","0","0","0","0","0","3","0","0","0","0","0","0","0","0","0","17","5","0","0","0","24","0","0","0","0","0","0","0","0","0","0","0","0","0","0","0","0","0","5"
"0x7efd8725f8f0","      IADD3 R31, P2, R31, 0x1, RZ ","7","0","7","3364711","3364711","3364711","1","1","0","-","-","-","0","0","0","0","0","0","0","0","-","0","0","0","0","0","0","0","0","0","0","0","0","0","0","0","0","0","0","0","7","0","0","0","0","0","0","0","0","0","0","0","0","0","0","0","0","0","0","0","0","0","0"
"0x7efd8725f900","      IADD3 R32, P1, R32, 0x1, RZ ","18","1","18","3364711","3364711","3364711","1","1","0","-","-","-","0","0","0","0","0","0","0","0","-","0","0","0","0","0","0","0","0","2","0","0","0","0","6","0","0","0","0","4","2","0","0","0","4","0","0","0","0","0","0","0","0","0","0","0","0","0","0","0","0","0","1"
"0x7efd8725f910","      IADD3 R18, R18, 0x1, RZ ","25","3","25","3364711","3364711","3364711","1","1","0","-","-","-","0","0","0","0","0","0","0","0","-","0","0","0","0","0","0","0","0","1","0","0","0","0","4","0","0","0","0","5","5","0","0","0","10","0","0","0","0","0","0","0","1","0","0","0","0","0","0","0","0","0","2"
"0x7efd8725f920","      IMAD.X R30, RZ, RZ, R30, P2 ","4","0","4","3364711","3364711","3364711","1","1","0","-","-","-","0","0","0","0","0","0","0","0","-","0","0","0","0","0","0","0","0","0","0","0","0","0","0","0","0","0","0","0","4","0","0","0","0","0","0","0","0","0","0","0","0","0","0","0","0","0","0","0","0","0","0"
"0x7efd8725f930","      IMAD.X R33, RZ, RZ, R33, P1 ","17","0","17","3364711","3364711","3364711","1","1","0","-","-","-","0","0","0","0","0","0","0","0","-","0","0","0","0","0","0","0","0","0","0","0","0","0","0","0","0","0","0","5","8","0","0","0","4","0","0","0","0","0","0","0","0","0","0","0","0","0","0","0","0","0","0"
"0x7efd8725f940","      ISETP.NE.AND P0, PT, R19, 0x4, PT ","262","35","262","3364711","3364711","3364711","1","1","0","-","-","-","0","0","0","0","0","0","0","0","-","0","0","0","0","0","0","0","0","11","0","0","0","186","29","0","0","0","0","30","6","0","0","0","0","0","0","1","0","0","0","25","9","0","0","0","0","0","0","0","0","0","0"
"0x7efd8725f950","@P0   BRA 0x7efd8725f860 ","125","11","125","3364711","3364711","3364711","1","1","0","-","-","-","0","0","0","0","0","0","0","0","-","0","0","0","0","0","0","0","0","7","0","0","0","0","0","0","0","0","0","18","6","0","0","0","94","0","0","0","0","0","0","0","0","0","0","0","0","0","0","0","0","0","11"
"0x7efd8725f960","      BRA 0x7efd8725f990 ","33","7","33","0","0","0","0","0","0","-","-","-","0","0","0","0","0","0","0","0","-","0","0","0","0","0","0","0","1","0","0","0","0","0","0","0","0","0","0","0","7","0","0","0","25","0","0","0","0","0","0","0","0","0","0","0","0","0","0","0","0","0","7"
"0x7efd8725f970","      ISETP.NE.AND P0, PT, R16, 0x4, PT ","11","1","11","518037","518037","518037","1","1","0","-","-","-","0","0","0","0","0","0","0","0","-","0","0","0","0","0","0","0","6","0","0","0","0","0","1","0","0","0","3","1","0","0","0","0","0","0","1","0","0","0","0","0","0","0","0","0","0","0","0","0","0","0","0"
"0x7efd8725f980","      SEL R39, RZ, 0x1, P0 ","6","0","6","518037","518037","518037","1","1","0","-","-","-","0","0","0","0","0","0","0","0","-","0","0","0","0","0","0","0","0","0","0","0","0","0","4","0","0","0","0","1","1","0","0","0","0","0","0","0","0","0","0","0","0","0","0","0","0","0","0","0","0","0","0"
"0x7efd8725f990","      BSYNC B2 ","7","2","7","518037","518037","518037","1","1","0","-","-","-","0","0","0","0","0","0","0","0","-","0","0","0","0","0","0","0","0","1","0","0","0","0","0","0","0","0","0","2","0","0","0","0","4","0","0","0","0","0","0","0","0","0","0","0","0","0","0","0","0","0","2"
"0x7efd8725f9a0","      IMAD.IADD R32, R37, 0x1, -R14 ","13","6","13","518037","518037","518037","1","1","0","-","-","-","0","0","0","0","0","0","0","0","-","0","0","0","0","0","0","0","9","0","0","0","0","0","0","0","0","0","0","0","0","0","0","0","4","0","4","0","0","0","0","0","0","0","0","0","0","0","0","0","0","0","2"
"0x7efd8725f9b0","      IMAD R41, R18, 0x2, -R37 ","1","1","1","518037","518037","518037","1","1","0","-","-","-","0","0","0","0","0","0","0","0","-","0","0","0","0","0","0","0","0","1","0","0","0","0","0","0","0","0","0","0","0","0","0","0","0","0","0","1","0","0","0","0","0","0","0","0","0","0","0","0","0","0","0"
"0x7efd8725f9c0","      IADD3 R37, R37, 0x20, RZ ","0","0","0","518037","518037","518037","1","1","0","-","-","-","0","0","0","0","0","0","0","0","-","0","0","0","0","0","0","0","0","0","0","0","0","0","0","0","0","0","0","0","0","0","0","0","0","0","0","0","0","0","0","0","0","0","0","0","0","0","0","0","0","0","0"
"0x7efd8725f9d0","      IMAD.WIDE R18, R32, 0x4, R24 ","0","0","0","518037","518037","518037","1","1","0","-","-","-","0","0","0","0","0","0","0","0","-","0","0","0","0","0","0","0","0","0","0","0","0","0","0","0","0","0","0","0","0","0","0","0","0","0","0","0","0","0","0","0","0","0","0","0","0","0","0","0","0","0","0"
"0x7efd8725f9e0","      SHF.R.S32.HI R33, RZ, 0x1f, R32 ","0","0","0","518037","518037","518037","1","1","0","-","-","-","0","0","0","0","0","0","0","0","-","0","0","0","0","0","0","0","0","0","0","0","0","0","0","0","0","0","0","0","0","0","0","0","0","0","0","0","0","0","0","0","0","0","0","0","0","0","0","0","0","0","0"
"0x7efd8725f9f0","      IMAD.MOV.U32 R16, RZ, RZ, -0x1 ","8","0","8","518037","518037","518037","1","1","0","-","-","-","0","0","0","0","0","0","0","0","-","0","0","0","0","0","0","0","0","1","0","0","0","0","1","0","0","0","0","4","1","0","0","0","1","0","0","0","0","0","0","0","0","0","0","0","0","0","0","0","0","0","0"
"0x7efd8725fa00","      STG.E [R18.64], R41 ","5","0","5","518037","518037","518037","1","1","0","Global","Store","32","518037","0","0","0","0","0","518037","518037","","0","0","0","0","0","0","0","0","2","0","0","0","0","0","0","0","0","0","0","3","0","0","0","0","0","0","0","0","0","0","0","0","0","0","0","0","0","0","0","0","0","0"
"0x7efd8725fa10","      IMAD.WIDE R34, R0, 0x1000, R32 ","0","0","0","518037","518037","518037","1","1","0","-","-","-","0","0","0","0","0","0","0","0","-","0","0","0","0","0","0","0","0","0","0","0","0","0","0","0","0","0","0","0","0","0","0","0","0","0","0","0","0","0","0","0","0","0","0","0","0","0","0","0","0","0","0"
"0x7efd8725fa20","      IMAD.MOV.U32 R17, RZ, RZ, 0xfffffff ","9","0","9","518037","518037","518037","1","1","0","-","-","-","0","0","0","0","0","0","0","0","-","0","0","0","0","0","0","0","0","2","0","0","0","0","3","0","0","0","0","1","0","0","0","0","3","0","0","0","0","0","0","0","0","0","0","0","0","0","0","0","0","0","0"
"0x7efd8725fa30","      IADD3 R34, P0, P1, R34, c[0x0][0x1c8], -R28 ","2","0","2","518037","518037","518037","1","1","0","-","-","-","0","0","0","0","0","0","0","0","-","0","0","0","0","0","0","0","0","1","0","0","0","0","0","0","0","0","0","0","1","0","0","0","0","0","0","0","0","0","0","0","0","0","0","0","0","0","0","0","0","0","0"
"0x7efd8725fa40","      IMAD.WIDE R30, R32, 0x8, R26 ","1","0","1","518037","518037","518037","1","1","0","-","-","-","0","0","0","0","0","0","0","0","-","0","0","0","0","0","0","0","0","0","0","0","0","0","0","0","0","0","0","0","1","0","0","0","0","0","0","0","0","0","0","0","0","0","0","0","0","0","0","0","0","0","0"
"0x7efd8725fa50","      IADD3.X R35, R35, c[0x0][0x1cc], ~R29, P0, P1 ","14","0","14","518037","518037","518037","1","1","0","-","-","-","0","0","0","0","0","0","0","0","-","0","0","0","0","0","0","0","0","1","0","0","0","0","2","0","0","0","0","7","1","0","0","0","3","0","0","0","0","0","0","0","0","0","0","0","0","0","0","0","0","0","0"
"0x7efd8725fa60","      IMAD.MOV.U32 R43, RZ, RZ, 0x3c ","2","0","2","518037","518037","518037","1","1","0","-","-","-","0","0","0","0","0","0","0","0","-","0","0","0","0","0","0","0","0","1","0","0","0","0","0","0","0","0","0","0","1","0","0","0","0","0","0","0","0","0","0","0","0","0","0","0","0","0","0","0","0","0","0"
"0x7efd8725fa70","      STG.E.64 [R30.64], R16 ","0","0","0","518037","518037","518037","1","1","0","Global","Store","64","518037","0","0","0","0","0","518037","518037","","0","0","0","0","0","0","0","0","0","0","0","0","0","0","0","0","0","0","0","0","0","0","0","0","0","0","0","0","0","0","0","0","0","0","0","0","0","0","0","0","0","0"
"0x7efd8725fa80","      IMAD.WIDE R32, R32, 0x4, R22 ","1","0","1","518037","518037","518037","1","1","0","-","-","-","0","0","0","0","0","0","0","0","-","0","0","0","0","0","0","0","0","0","0","0","0","0","0","0","0","0","0","0","1","0","0","0","0","0","0","0","0","0","0","0","0","0","0","0","0","0","0","0","0","0","0"
"0x7efd8725fa90","      ISETP.GT.AND P0, PT, R37, R13, PT ","1","0","1","518037","518037","518037","1","1","0","-","-","-","0","0","0","0","0","0","0","0","-","0","0","0","0","0","0","0","0","0","0","0","0","0","0","0","0","0","0","0","1","0","0","0","0","0","0","0","0","0","0","0","0","0","0","0","0","0","0","0","0","0","0"
"0x7efd8725faa0","      STG.E [R32.64], R43 ","11","0","11","518037","518037","518037","1","1","0","Global","Store","32","518037","0","0","0","0","0","518037","518037","","0","0","0","0","0","0","0","0","2","0","0","0","0","0","0","0","0","0","1","4","0","0","0","4","0","0","0","0","0","0","0","0","0","0","0","0","0","0","0","0","0","0"
"0x7efd8725fab0","      STG.E.U8 [R34.64], R39 ","1","0","1","518037","518037","518037","1","1","0","Global","Store","8","518037","0","0","0","0","0","518037","518037","","0","0","0","0","0","0","0","0","0","0","0","0","0","0","0","0","0","0","0","0","0","0","0","1","0","0","0","0","0","0","0","0","0","0","0","0","0","0","0","0","0","0"
"0x7efd8725fac0","@!P0  BRA 0x7efd8725f740 ","8","1","8","518037","518037","0","1","0","0","-","-","-","0","0","0","0","0","0","0","0","-","0","0","0","0","0","0","0","0","0","0","0","0","0","0","0","0","0","0","1","1","0","0","0","6","0","0","0","0","0","0","0","0","0","0","0","0","0","0","0","0","0","1"
"0x7efd8725fad0","      BSYNC B1 ","9","1","9","1036074","16577184","16577184","16","16","0","-","-","-","0","0","0","0","0","0","0","0","-","0","0","0","0","0","0","0","4","0","0","0","0","0","0","0","0","0","1","0","0","0","0","0","4","0","0","0","0","0","0","0","0","0","0","0","1","0","0","0","0","0","0"
"0x7efd8725fae0","      NOP ","26","3","26","518037","16577184","16577184","32","32","0","-","-","-","0","0","0","0","0","0","0","0","-","0","0","0","0","0","0","0","14","1","0","0","0","0","0","0","0","0","0","0","2","0","0","0","9","0","3","0","0","0","0","0","0","0","0","0","0","0","0","0","0","0","0"
"0x7efd8725faf0","      BSSY B1, 0x7efd872608a0 ","9","2","9","518037","16577184","16577184","32","32","0","-","-","-","0","0","0","0","0","0","0","0","-","0","0","0","0","0","0","0","0","1","0","0","0","0","0","0","0","0","0","4","0","0","0","0","4","0","0","0","0","0","0","0","0","0","0","0","0","0","0","0","0","0","2"
"0x7efd8725fb00","@P3   BRA 0x7efd87260890 ","2","0","2","518037","16577184","16059147","32","31","518037","-","-","-","0","0","0","0","0","0","0","0","-","0","0","0","0","0","0","0","0","0","0","0","0","0","0","0","0","0","0","0","2","0","0","0","0","0","0","0","0","0","0","0","0","0","0","0","0","0","0","0","0","0","0"
"0x7efd8725fb10","      ISETP.GE.AND P0, PT, R13, R14, PT ","7","1","7","518037","518037","518037","1","1","0","-","-","-","0","0","0","0","0","0","0","0","-","0","0","0","0","0","0","0","3","0","0","0","0","0","0","0","0","0","0","1","0","0","0","0","3","0","0","0","0","0","0","0","0","0","0","0","0","0","0","0","0","0","1"
"0x7efd8725fb20","      IMAD.MOV.U32 R30, RZ, RZ, -0x7fffffff ","0","0","0","518037","518037","518037","1","1","0","-","-","-","0","0","0","0","0","0","0","0","-","0","0","0","0","0","0","0","0","0","0","0","0","0","0","0","0","0","0","0","0","0","0","0","0","0","0","0","0","0","0","0","0","0","0","0","0","0","0","0","0","0","0"
"0x7efd8725fb30","      IMAD.MOV.U32 R8, RZ, RZ, 0x7fffffff ","7","0","7","518037","518037","518037","1","1","0","-","-","-","0","0","0","0","0","0","0","0","-","0","0","0","0","0","0","0","0","1","0","0","0","0","1","0","0","0","0","0","0","0","0","0","5","0","0","0","0","0","0","0","0","0","0","0","0","0","0","0","0","0","0"
"0x7efd8725fb40","@!P0  BRA 0x7efd872606d0 ","13","0","13","518037","518037","0","1","0","0","-","-","-","0","0","0","0","0","0","0","0","-","0","0","0","0","0","0","0","0","1","0","0","0","0","0","0","0","0","0","2","1","0","0","0","9","0","0","0","0","0","0","0","0","0","0","0","0","0","0","0","0","0","0"
"0x7efd8725fb50","      ISETP.GE.U32.AND P0, PT, R38, 0x3, PT ","5","1","5","518037","518037","518037","1","1","0","-","-","-","0","0","0","0","0","0","0","0","-","0","0","0","0","0","0","0","0","0","0","0","0","0","2","0","0","0","0","1","1","0","0","0","1","0","0","0","0","0","0","0","1","0","0","0","0","0","0","0","0","0","0"
"0x7efd8725fb60","      IMAD.MOV.U32 R30, RZ, RZ, -0x7fffffff ","0","0","0","518037","518037","518037","1","1","0","-","-","-","0","0","0","0","0","0","0","0","-","0","0","0","0","0","0","0","0","0","0","0","0","0","0","0","0","0","0","0","0","0","0","0","0","0","0","0","0","0","0","0","0","0","0","0","0","0","0","0","0","0","0"
"0x7efd8725fb70","      LOP3.LUT R8, RZ, R14, RZ, 0x33, !PT ","0","0","0","518037","518037","518037","1","1","0","-","-","-","0","0","0","0","0","0","0","0","-","0","0","0","0","0","0","0","0","0","0","0","0","0","0","0","0","0","0","0","0","0","0","0","0","0","0","0","0","0","0","0","0","0","0","0","0","0","0","0","0","0","0"
"0x7efd8725fb80","      IMAD.MOV.U32 R15, RZ, RZ, R13 ","0","0","0","518037","518037","518037","1","1","0","-","-","-","0","0","0","0","0","0","0","0","-","0","0","0","0","0","0","0","0","0","0","0","0","0","0","0","0","0","0","0","0","0","0","0","0","0","0","0","0","0","0","0","0","0","0","0","0","0","0","0","0","0","0"
"0x7efd8725fb90","      IADD3 R12, R13, 0x2, R8 ","6","2","6","518037","518037","518037","1","1","0","-","-","-","0","0","0","0","0","0","0","0","-","0","0","0","0","0","0","0","0","0","0","0","0","0","3","0","0","0","0","2","0","0","0","0","1","0","0","0","0","0","0","0","1","0","0","0","0","0","0","0","0","0","1"
"0x7efd8725fba0","      IMAD.MOV.U32 R8, RZ, RZ, 0x7fffffff ","1","0","1","518037","518037","518037","1","1","0","-","-","-","0","0","0","0","0","0","0","0","-","0","0","0","0","0","0","0","0","0","0","0","0","0","0","0","0","0","0","0","1","0","0","0","0","0","0","0","0","0","0","0","0","0","0","0","0","0","0","0","0","0","0"
"0x7efd8725fbb0","      LOP3.LUT R7, R12, 0x3, RZ, 0xc0, !PT ","11","0","11","518037","518037","518037","1","1","0","-","-","-","0","0","0","0","0","0","0","0","-","0","0","0","0","0","0","0","0","2","0","0","0","0","4","0","0","0","0","5","0","0","0","0","0","0","0","0","0","0","0","0","0","0","0","0","0","0","0","0","0","0","0"
"0x7efd8725fbc0","@!P0  BRA 0x7efd87260200 ","6","0","6","518037","518037","518037","1","1","0","-","-","-","0","0","0","0","0","0","0","0","-","0","0","0","0","0","0","0","0","0","0","0","0","0","0","0","0","0","0","4","0","0","0","0","2","0","0","0","0","0","0","0","0","0","0","0","0","0","0","0","0","0","0"
"0x7efd8725fbd0","      IMAD.IADD R12, R12, 0x1, -R7 ","6","1","6","0","0","0","0","0","0","-","-","-","0","0","0","0","0","0","0","0","-","0","0","0","0","0","0","0","0","0","0","0","0","0","0","0","0","0","0","0","0","0","0","0","6","0","0","0","0","0","0","0","0","0","0","0","0","0","0","0","0","0","1"
"0x7efd8725fbe0","      IMAD.MOV.U32 R15, RZ, RZ, R13 ","0","0","0","0","0","0","0","0","0","-","-","-","0","0","0","0","0","0","0","0","-","0","0","0","0","0","0","0","0","0","0","0","0","0","0","0","0","0","0","0","0","0","0","0","0","0","0","0","0","0","0","0","0","0","0","0","0","0","0","0","0","0","0"
"0x7efd8725fbf0","      IMAD.IADD R18, R15, 0x1, -R14 ","0","0","0","0","0","0","0","0","0","-","-","-","0","0","0","0","0","0","0","0","-","0","0","0","0","0","0","0","0","0","0","0","0","0","0","0","0","0","0","0","0","0","0","0","0","0","0","0","0","0","0","0","0","0","0","0","0","0","0","0","0","0","0"
"0x7efd8725fc00","      SHF.R.S32.HI R19, RZ, 0x1f, R18 ","0","0","0","0","0","0","0","0","0","-","-","-","0","0","0","0","0","0","0","0","-","0","0","0","0","0","0","0","0","0","0","0","0","0","0","0","0","0","0","0","0","0","0","0","0","0","0","0","0","0","0","0","0","0","0","0","0","0","0","0","0","0","0"
"0x7efd8725fc10","      IMAD.WIDE R16, R0, 0x1000, R18 ","0","0","0","0","0","0","0","0","0","-","-","-","0","0","0","0","0","0","0","0","-","0","0","0","0","0","0","0","0","0","0","0","0","0","0","0","0","0","0","0","0","0","0","0","0","0","0","0","0","0","0","0","0","0","0","0","0","0","0","0","0","0","0"
"0x7efd8725fc20","      IADD3 R16, P0, P1, R16, c[0x0][0x1c8], -R28 ","0","0","0","0","0","0","0","0","0","-","-","-","0","0","0","0","0","0","0","0","-","0","0","0","0","0","0","0","0","0","0","0","0","0","0","0","0","0","0","0","0","0","0","0","0","0","0","0","0","0","0","0","0","0","0","0","0","0","0","0","0","0","0"
"0x7efd8725fc30","      IADD3.X R17, R17, c[0x0][0x1cc], ~R29, P0, P1 ","0","0","0","0","0","0","0","0","0","-","-","-","0","0","0","0","0","0","0","0","-","0","0","0","0","0","0","0","0","0","0","0","0","0","0","0","0","0","0","0","0","0","0","0","0","0","0","0","0","0","0","0","0","0","0","0","0","0","0","0","0","0","0"
"0x7efd8725fc40","      LDG.E.U8 R31, [R16.64] ","0","0","0","0","0","0","0","0","0","","","","0","0","0","0","0","0","0","0","","0","0","0","0","0","0","0","0","0","0","0","0","0","0","0","0","0","0","0","0","0","0","0","0","0","0","0","0","0","0","0","0","0","0","0","0","0","0","0","0","0","0"
"0x7efd8725fc50","      IMAD.WIDE R18, R18, 0x4, R24 ","0","0","0","0","0","0","0","0","0","-","-","-","0","0","0","0","0","0","0","0","-","0","0","0","0","0","0","0","0","0","0","0","0","0","0","0","0","0","0","0","0","0","0","0","0","0","0","0","0","0","0","0","0","0","0","0","0","0","0","0","0","0","0"
"0x7efd8725fc60","      LDG.E R34, [R18.64] ","0","0","0","0","0","0","0","0","0","","","","0","0","0","0","0","0","0","0","","0","0","0","0","0","0","0","0","0","0","0","0","0","0","0","0","0","0","0","0","0","0","0","0","0","0","0","0","0","0","0","0","0","0","0","0","0","0","0","0","0","0"
"0x7efd8725fc70","      IADD3 R12, R12, -0x4, RZ ","0","0","0","0","0","0","0","0","0","-","-","-","0","0","0","0","0","0","0","0","-","0","0","0","0","0","0","0","0","0","0","0","0","0","0","0","0","0","0","0","0","0","0","0","0","0","0","0","0","0","0","0","0","0","0","0","0","0","0","0","0","0","0"
"0x7efd8725fc80","      ISETP.NE.AND P0, PT, R12, RZ, PT ","0","0","0","0","0","0","0","0","0","-","-","-","0","0","0","0","0","0","0","0","-","0","0","0","0","0","0","0","0","0","0","0","0","0","0","0","0","0","0","0","0","0","0","0","0","0","0","0","0","0","0","0","0","0","0","0","0","0","0","0","0","0","0"
"0x7efd8725fc90","      ISETP.NE.AND P1, PT, R31, 0x2, PT ","0","0","0","0","0","0","0","0","0","-","-","-","0","0","0","0","0","0","0","0","-","0","0","0","0","0","0","0","0","0","0","0","0","0","0","0","0","0","0","0","0","0","0","0","0","0","0","0","0","0","0","0","0","0","0","0","0","0","0","0","0","0","0"
"0x7efd8725fca0","@!P1  BRA 0x7efd8725fd00 ","0","0","0","0","0","0","0","0","0","-","-","-","0","0","0","0","0","0","0","0","-","0","0","0","0","0","0","0","0","0","0","0","0","0","0","0","0","0","0","0","0","0","0","0","0","0","0","0","0","0","0","0","0","0","0","0","0","0","0","0","0","0","0"
"0x7efd8725fcb0","      ISETP.NE.AND P1, PT, R31, 0x1, PT ","0","0","0","0","0","0","0","0","0","-","-","-","0","0","0","0","0","0","0","0","-","0","0","0","0","0","0","0","0","0","0","0","0","0","0","0","0","0","0","0","0","0","0","0","0","0","0","0","0","0","0","0","0","0","0","0","0","0","0","0","0","0","0"
"0x7efd8725fcc0","@P1   BRA 0x7efd8725fd20 ","0","0","0","0","0","0","0","0","0","-","-","-","0","0","0","0","0","0","0","0","-","0","0","0","0","0","0","0","0","0","0","0","0","0","0","0","0","0","0","0","0","0","0","0","0","0","0","0","0","0","0","0","0","0","0","0","0","0","0","0","0","0","0"
"0x7efd8725fcd0","      STS [0x2c], RZ ","0","0","0","0","0","0","0","0","0","","","","0","0","0","0","0","0","0","0","-","0","0","0","0","0","0","0","0","0","0","0","0","0","0","0","0","0","0","0","0","0","0","0","0","0","0","0","0","0","0","0","0","0","0","0","0","0","0","0","0","0","0"
"0x7efd8725fce0","      IMAD.MOV.U32 R8, RZ, RZ, R15 ","0","0","0","0","0","0","0","0","0","-","-","-","0","0","0","0","0","0","0","0","-","0","0","0","0","0","0","0","0","0","0","0","0","0","0","0","0","0","0","0","0","0","0","0","0","0","0","0","0","0","0","0","0","0","0","0","0","0","0","0","0","0","0"
"0x7efd8725fcf0","      BRA 0x7efd8725fd20 ","0","0","0","0","0","0","0","0","0","-","-","-","0","0","0","0","0","0","0","0","-","0","0","0","0","0","0","0","0","0","0","0","0","0","0","0","0","0","0","0","0","0","0","0","0","0","0","0","0","0","0","0","0","0","0","0","0","0","0","0","0","0","0"
"0x7efd8725fd00","      STS [0x2c], RZ ","0","0","0","0","0","0","0","0","0","","","","0","0","0","0","0","0","0","0","-","0","0","0","0","0","0","0","0","0","0","0","0","0","0","0","0","0","0","0","0","0","0","0","0","0","0","0","0","0","0","0","0","0","0","0","0","0","0","0","0","0","0"
"0x7efd8725fd10","      IMNMX R30, R30, R15, !PT ","0","0","0","0","0","0","0","0","0","-","-","-","0","0","0","0","0","0","0","0","-","0","0","0","0","0","0","0","0","0","0","0","0","0","0","0","0","0","0","0","0","0","0","0","0","0","0","0","0","0","0","0","0","0","0","0","0","0","0","0","0","0","0"
"0x7efd8725fd20","      LDG.E.U8 R35, [R16.64+-0x1] ","0","0","0","0","0","0","0","0","0","","","","0","0","0","0","0","0","0","0","","0","0","0","0","0","0","0","0","0","0","0","0","0","0","0","0","0","0","0","0","0","0","0","0","0","0","0","0","0","0","0","0","0","0","0","0","0","0","0","0","0","0"
"0x7efd8725fd30","      LDG.E R36, [R18.64+-0x4] ","0","0","0","0","0","0","0","0","0","","","","0","0","0","0","0","0","0","0","","0","0","0","0","0","0","0","0","0","0","0","0","0","0","0","0","0","0","0","0","0","0","0","0","0","0","0","0","0","0","0","0","0","0","0","0","0","0","0","0","0","0"
"0x7efd8725fd40","      LDS R31, [0x14] ","0","0","0","0","0","0","0","0","0","","","","0","0","0","0","0","0","0","0","-","0","0","0","0","0","0","0","0","0","0","0","0","0","0","0","0","0","0","0","0","0","0","0","0","0","0","0","0","0","0","0","0","0","0","0","0","0","0","0","0","0","0"
"0x7efd8725fd50","      ISETP.GT.AND P1, PT, R34, R31, PT ","0","0","0","0","0","0","0","0","0","-","-","-","0","0","0","0","0","0","0","0","-","0","0","0","0","0","0","0","0","0","0","0","0","0","0","0","0","0","0","0","0","0","0","0","0","0","0","0","0","0","0","0","0","0","0","0","0","0","0","0","0","0","0"
"0x7efd8725fd60","      ISETP.NE.AND P2, PT, R35, 0x2, PT ","0","0","0","0","0","0","0","0","0","-","-","-","0","0","0","0","0","0","0","0","-","0","0","0","0","0","0","0","0","0","0","0","0","0","0","0","0","0","0","0","0","0","0","0","0","0","0","0","0","0","0","0","0","0","0","0","0","0","0","0","0","0","0"
"0x7efd8725fd70","@!P1  BRA 0x7efd8725fe00 ","0","0","0","0","0","0","0","0","0","-","-","-","0","0","0","0","0","0","0","0","-","0","0","0","0","0","0","0","0","0","0","0","0","0","0","0","0","0","0","0","0","0","0","0","0","0","0","0","0","0","0","0","0","0","0","0","0","0","0","0","0","0","0"
"0x7efd8725fd80","      IMAD.IADD R31, R34, 0x1, R15 ","0","0","0","0","0","0","0","0","0","-","-","-","0","0","0","0","0","0","0","0","-","0","0","0","0","0","0","0","0","0","0","0","0","0","0","0","0","0","0","0","0","0","0","0","0","0","0","0","0","0","0","0","0","0","0","0","0","0","0","0","0","0","0"
"0x7efd8725fd90","      STS [0x1c], R34 ","0","0","0","0","0","0","0","0","0","","","","0","0","0","0","0","0","0","0","-","0","0","0","0","0","0","0","0","0","0","0","0","0","0","0","0","0","0","0","0","0","0","0","0","0","0","0","0","0","0","0","0","0","0","0","0","0","0","0","0","0","0"
"0x7efd8725fda0","      SHF.R.S32.HI R32, RZ, 0x1, R31 ","0","0","0","0","0","0","0","0","0","-","-","-","0","0","0","0","0","0","0","0","-","0","0","0","0","0","0","0","0","0","0","0","0","0","0","0","0","0","0","0","0","0","0","0","0","0","0","0","0","0","0","0","0","0","0","0","0","0","0","0","0","0","0"
"0x7efd8725fdb0","      STS [0x20], R34 ","0","0","0","0","0","0","0","0","0","","","","0","0","0","0","0","0","0","0","-","0","0","0","0","0","0","0","0","0","0","0","0","0","0","0","0","0","0","0","0","0","0","0","0","0","0","0","0","0","0","0","0","0","0","0","0","0","0","0","0","0","0"
"0x7efd8725fdc0","      IMAD.MOV.U32 R31, RZ, RZ, R34 ","0","0","0","0","0","0","0","0","0","-","-","-","0","0","0","0","0","0","0","0","-","0","0","0","0","0","0","0","0","0","0","0","0","0","0","0","0","0","0","0","0","0","0","0","0","0","0","0","0","0","0","0","0","0","0","0","0","0","0","0","0","0","0"
"0x7efd8725fdd0","      STS [0x24], R32 ","0","0","0","0","0","0","0","0","0","","","","0","0","0","0","0","0","0","0","-","0","0","0","0","0","0","0","0","0","0","0","0","0","0","0","0","0","0","0","0","0","0","0","0","0","0","0","0","0","0","0","0","0","0","0","0","0","0","0","0","0","0"
"0x7efd8725fde0","      STS [0x18], R32 ","0","0","0","0","0","0","0","0","0","","","","0","0","0","0","0","0","0","0","-","0","0","0","0","0","0","0","0","0","0","0","0","0","0","0","0","0","0","0","0","0","0","0","0","0","0","0","0","0","0","0","0","0","0","0","0","0","0","0","0","0","0"
"0x7efd8725fdf0","      STS [0x14], R34 ","0","0","0","0","0","0","0","0","0","","","","0","0","0","0","0","0","0","0","-","0","0","0","0","0","0","0","0","0","0","0","0","0","0","0","0","0","0","0","0","0","0","0","0","0","0","0","0","0","0","0","0","0","0","0","0","0","0","0","0","0","0"
"0x7efd8725fe00","      IADD3 R33, R15, -0x1, RZ ","0","0","0","0","0","0","0","0","0","-","-","-","0","0","0","0","0","0","0","0","-","0","0","0","0","0","0","0","0","0","0","0","0","0","0","0","0","0","0","0","0","0","0","0","0","0","0","0","0","0","0","0","0","0","0","0","0","0","0","0","0","0","0"
"0x7efd8725fe10","@!P2  BRA 0x7efd8725fe70 ","0","0","0","0","0","0","0","0","0","-","-","-","0","0","0","0","0","0","0","0","-","0","0","0","0","0","0","0","0","0","0","0","0","0","0","0","0","0","0","0","0","0","0","0","0","0","0","0","0","0","0","0","0","0","0","0","0","0","0","0","0","0","0"
"0x7efd8725fe20","      ISETP.NE.AND P1, PT, R35, 0x1, PT ","0","0","0","0","0","0","0","0","0","-","-","-","0","0","0","0","0","0","0","0","-","0","0","0","0","0","0","0","0","0","0","0","0","0","0","0","0","0","0","0","0","0","0","0","0","0","0","0","0","0","0","0","0","0","0","0","0","0","0","0","0","0","0"
"0x7efd8725fe30","@P1   BRA 0x7efd8725fe90 ","0","0","0","0","0","0","0","0","0","-","-","-","0","0","0","0","0","0","0","0","-","0","0","0","0","0","0","0","0","0","0","0","0","0","0","0","0","0","0","0","0","0","0","0","0","0","0","0","0","0","0","0","0","0","0","0","0","0","0","0","0","0","0"
"0x7efd8725fe40","      STS [0x2c], RZ ","0","0","0","0","0","0","0","0","0","","","","0","0","0","0","0","0","0","0","-","0","0","0","0","0","0","0","0","0","0","0","0","0","0","0","0","0","0","0","0","0","0","0","0","0","0","0","0","0","0","0","0","0","0","0","0","0","0","0","0","0","0"
"0x7efd8725fe50","      IMAD.MOV.U32 R8, RZ, RZ, R33 ","0","0","0","0","0","0","0","0","0","-","-","-","0","0","0","0","0","0","0","0","-","0","0","0","0","0","0","0","0","0","0","0","0","0","0","0","0","0","0","0","0","0","0","0","0","0","0","0","0","0","0","0","0","0","0","0","0","0","0","0","0","0","0"
"0x7efd8725fe60","      BRA 0x7efd8725fe90 ","0","0","0","0","0","0","0","0","0","-","-","-","0","0","0","0","0","0","0","0","-","0","0","0","0","0","0","0","0","0","0","0","0","0","0","0","0","0","0","0","0","0","0","0","0","0","0","0","0","0","0","0","0","0","0","0","0","0","0","0","0","0","0"
"0x7efd8725fe70","      STS [0x2c], RZ ","0","0","0","0","0","0","0","0","0","","","","0","0","0","0","0","0","0","0","-","0","0","0","0","0","0","0","0","0","0","0","0","0","0","0","0","0","0","0","0","0","0","0","0","0","0","0","0","0","0","0","0","0","0","0","0","0","0","0","0","0","0"
"0x7efd8725fe80","      IMNMX R30, R30, R33, !PT ","0","0","0","0","0","0","0","0","0","-","-","-","0","0","0","0","0","0","0","0","-","0","0","0","0","0","0","0","0","0","0","0","0","0","0","0","0","0","0","0","0","0","0","0","0","0","0","0","0","0","0","0","0","0","0","0","0","0","0","0","0","0","0"
"0x7efd8725fe90","      LDG.E.U8 R35, [R16.64+-0x2] ","0","0","0","0","0","0","0","0","0","","","","0","0","0","0","0","0","0","0","","0","0","0","0","0","0","0","0","0","0","0","0","0","0","0","0","0","0","0","0","0","0","0","0","0","0","0","0","0","0","0","0","0","0","0","0","0","0","0","0","0","0"
"0x7efd8725fea0","      LDG.E R34, [R18.64+-0x8] ","0","0","0","0","0","0","0","0","0","","","","0","0","0","0","0","0","0","0","","0","0","0","0","0","0","0","0","0","0","0","0","0","0","0","0","0","0","0","0","0","0","0","0","0","0","0","0","0","0","0","0","0","0","0","0","0","0","0","0","0","0"
"0x7efd8725feb0","      ISETP.GT.AND P1, PT, R36, R31, PT ","0","0","0","0","0","0","0","0","0","-","-","-","0","0","0","0","0","0","0","0","-","0","0","0","0","0","0","0","0","0","0","0","0","0","0","0","0","0","0","0","0","0","0","0","0","0","0","0","0","0","0","0","0","0","0","0","0","0","0","0","0","0","0"
"0x7efd8725fec0","      ISETP.NE.AND P2, PT, R35, 0x2, PT ","0","0","0","0","0","0","0","0","0","-","-","-","0","0","0","0","0","0","0","0","-","0","0","0","0","0","0","0","0","0","0","0","0","0","0","0","0","0","0","0","0","0","0","0","0","0","0","0","0","0","0","0","0","0","0","0","0","0","0","0","0","0","0"
"0x7efd8725fed0","@!P1  BRA 0x7efd8725ff60 ","0","0","0","0","0","0","0","0","0","-","-","-","0","0","0","0","0","0","0","0","-","0","0","0","0","0","0","0","0","0","0","0","0","0","0","0","0","0","0","0","0","0","0","0","0","0","0","0","0","0","0","0","0","0","0","0","0","0","0","0","0","0","0"
"0x7efd8725fee0","      IMAD.IADD R31, R36, 0x1, R33 ","0","0","0","0","0","0","0","0","0","-","-","-","0","0","0","0","0","0","0","0","-","0","0","0","0","0","0","0","0","0","0","0","0","0","0","0","0","0","0","0","0","0","0","0","0","0","0","0","0","0","0","0","0","0","0","0","0","0","0","0","0","0","0"
"0x7efd8725fef0","      STS [0x1c], R36 ","0","0","0","0","0","0","0","0","0","","","","0","0","0","0","0","0","0","0","-","0","0","0","0","0","0","0","0","0","0","0","0","0","0","0","0","0","0","0","0","0","0","0","0","0","0","0","0","0","0","0","0","0","0","0","0","0","0","0","0","0","0"
"0x7efd8725ff00","      SHF.R.S32.HI R32, RZ, 0x1, R31 ","0","0","0","0","0","0","0","0","0","-","-","-","0","0","0","0","0","0","0","0","-","0","0","0","0","0","0","0","0","0","0","0","0","0","0","0","0","0","0","0","0","0","0","0","0","0","0","0","0","0","0","0","0","0","0","0","0","0","0","0","0","0","0"
"0x7efd8725ff10","      STS [0x20], R36 ","0","0","0","0","0","0","0","0","0","","","","0","0","0","0","0","0","0","0","-","0","0","0","0","0","0","0","0","0","0","0","0","0","0","0","0","0","0","0","0","0","0","0","0","0","0","0","0","0","0","0","0","0","0","0","0","0","0","0","0","0","0"
"0x7efd8725ff20","      IMAD.MOV.U32 R31, RZ, RZ, R36 ","0","0","0","0","0","0","0","0","0","-","-","-","0","0","0","0","0","0","0","0","-","0","0","0","0","0","0","0","0","0","0","0","0","0","0","0","0","0","0","0","0","0","0","0","0","0","0","0","0","0","0","0","0","0","0","0","0","0","0","0","0","0","0"
"0x7efd8725ff30","      STS [0x24], R32 ","0","0","0","0","0","0","0","0","0","","","","0","0","0","0","0","0","0","0","-","0","0","0","0","0","0","0","0","0","0","0","0","0","0","0","0","0","0","0","0","0","0","0","0","0","0","0","0","0","0","0","0","0","0","0","0","0","0","0","0","0","0"
"0x7efd8725ff40","      STS [0x18], R32 ","0","0","0","0","0","0","0","0","0","","","","0","0","0","0","0","0","0","0","-","0","0","0","0","0","0","0","0","0","0","0","0","0","0","0","0","0","0","0","0","0","0","0","0","0","0","0","0","0","0","0","0","0","0","0","0","0","0","0","0","0","0"
"0x7efd8725ff50","      STS [0x14], R36 ","0","0","0","0","0","0","0","0","0","","","","0","0","0","0","0","0","0","0","-","0","0","0","0","0","0","0","0","0","0","0","0","0","0","0","0","0","0","0","0","0","0","0","0","0","0","0","0","0","0","0","0","0","0","0","0","0","0","0","0","0","0"
"0x7efd8725ff60","      IADD3 R33, R15, -0x2, RZ ","0","0","0","0","0","0","0","0","0","-","-","-","0","0","0","0","0","0","0","0","-","0","0","0","0","0","0","0","0","0","0","0","0","0","0","0","0","0","0","0","0","0","0","0","0","0","0","0","0","0","0","0","0","0","0","0","0","0","0","0","0","0","0"
"0x7efd8725ff70","@!P2  BRA 0x7efd8725ffd0 ","0","0","0","0","0","0","0","0","0","-","-","-","0","0","0","0","0","0","0","0","-","0","0","0","0","0","0","0","0","0","0","0","0","0","0","0","0","0","0","0","0","0","0","0","0","0","0","0","0","0","0","0","0","0","0","0","0","0","0","0","0","0","0"
"0x7efd8725ff80","      ISETP.NE.AND P1, PT, R35, 0x1, PT ","0","0","0","0","0","0","0","0","0","-","-","-","0","0","0","0","0","0","0","0","-","0","0","0","0","0","0","0","0","0","0","0","0","0","0","0","0","0","0","0","0","0","0","0","0","0","0","0","0","0","0","0","0","0","0","0","0","0","0","0","0","0","0"
"0x7efd8725ff90","@P1   BRA 0x7efd8725fff0 ","0","0","0","0","0","0","0","0","0","-","-","-","0","0","0","0","0","0","0","0","-","0","0","0","0","0","0","0","0","0","0","0","0","0","0","0","0","0","0","0","0","0","0","0","0","0","0","0","0","0","0","0","0","0","0","0","0","0","0","0","0","0","0"
"0x7efd8725ffa0","      STS [0x2c], RZ ","0","0","0","0","0","0","0","0","0","","","","0","0","0","0","0","0","0","0","-","0","0","0","0","0","0","0","0","0","0","0","0","0","0","0","0","0","0","0","0","0","0","0","0","0","0","0","0","0","0","0","0","0","0","0","0","0","0","0","0","0","0"
"0x7efd8725ffb0","      IMAD.MOV.U32 R8, RZ, RZ, R33 ","0","0","0","0","0","0","0","0","0","-","-","-","0","0","0","0","0","0","0","0","-","0","0","0","0","0","0","0","0","0","0","0","0","0","0","0","0","0","0","0","0","0","0","0","0","0","0","0","0","0","0","0","0","0","0","0","0","0","0","0","0","0","0"
"0x7efd8725ffc0","      BRA 0x7efd8725fff0 ","0","0","0","0","0","0","0","0","0","-","-","-","0","0","0","0","0","0","0","0","-","0","0","0","0","0","0","0","0","0","0","0","0","0","0","0","0","0","0","0","0","0","0","0","0","0","0","0","0","0","0","0","0","0","0","0","0","0","0","0","0","0","0"
"0x7efd8725ffd0","      STS [0x2c], RZ ","0","0","0","0","0","0","0","0","0","","","","0","0","0","0","0","0","0","0","-","0","0","0","0","0","0","0","0","0","0","0","0","0","0","0","0","0","0","0","0","0","0","0","0","0","0","0","0","0","0","0","0","0","0","0","0","0","0","0","0","0","0"
"0x7efd8725ffe0","      IMNMX R30, R30, R33, !PT ","0","0","0","0","0","0","0","0","0","-","-","-","0","0","0","0","0","0","0","0","-","0","0","0","0","0","0","0","0","0","0","0","0","0","0","0","0","0","0","0","0","0","0","0","0","0","0","0","0","0","0","0","0","0","0","0","0","0","0","0","0","0","0"
"0x7efd8725fff0","      LDG.E.U8 R32, [R16.64+-0x3] ","0","0","0","0","0","0","0","0","0","","","","0","0","0","0","0","0","0","0","","0","0","0","0","0","0","0","0","0","0","0","0","0","0","0","0","0","0","0","0","0","0","0","0","0","0","0","0","0","0","0","0","0","0","0","0","0","0","0","0","0","0"
"0x7efd87260000","      LDG.E R18, [R18.64+-0xc] ","0","0","0","0","0","0","0","0","0","","","","0","0","0","0","0","0","0","0","","0","0","0","0","0","0","0","0","0","0","0","0","0","0","0","0","0","0","0","0","0","0","0","0","0","0","0","0","0","0","0","0","0","0","0","0","0","0","0","0","0","0"
"0x7efd87260010","      ISETP.GT.AND P1, PT, R34, R31, PT ","0","0","0","0","0","0","0","0","0","-","-","-","0","0","0","0","0","0","0","0","-","0","0","0","0","0","0","0","0","0","0","0","0","0","0","0","0","0","0","0","0","0","0","0","0","0","0","0","0","0","0","0","0","0","0","0","0","0","0","0","0","0","0"
"0x7efd87260020","      ISETP.NE.AND P2, PT, R32, 0x2, PT ","0","0","0","0","0","0","0","0","0","-","-","-","0","0","0","0","0","0","0","0","-","0","0","0","0","0","0","0","0","0","0","0","0","0","0","0","0","0","0","0","0","0","0","0","0","0","0","0","0","0","0","0","0","0","0","0","0","0","0","0","0","0","0"
"0x7efd87260030","@!P1  BRA 0x7efd872600c0 ","0","0","0","0","0","0","0","0","0","-","-","-","0","0","0","0","0","0","0","0","-","0","0","0","0","0","0","0","0","0","0","0","0","0","0","0","0","0","0","0","0","0","0","0","0","0","0","0","0","0","0","0","0","0","0","0","0","0","0","0","0","0","0"
"0x7efd87260040","      IMAD.IADD R16, R34, 0x1, R33 ","0","0","0","0","0","0","0","0","0","-","-","-","0","0","0","0","0","0","0","0","-","0","0","0","0","0","0","0","0","0","0","0","0","0","0","0","0","0","0","0","0","0","0","0","0","0","0","0","0","0","0","0","0","0","0","0","0","0","0","0","0","0","0"
"0x7efd87260050","      STS [0x1c], R34 ","0","0","0","0","0","0","0","0","0","","","","0","0","0","0","0","0","0","0","-","0","0","0","0","0","0","0","0","0","0","0","0","0","0","0","0","0","0","0","0","0","0","0","0","0","0","0","0","0","0","0","0","0","0","0","0","0","0","0","0","0","0"
"0x7efd87260060","      IMAD.MOV.U32 R31, RZ, RZ, R34 ","0","0","0","0","0","0","0","0","0","-","-","-","0","0","0","0","0","0","0","0","-","0","0","0","0","0","0","0","0","0","0","0","0","0","0","0","0","0","0","0","0","0","0","0","0","0","0","0","0","0","0","0","0","0","0","0","0","0","0","0","0","0","0"
"0x7efd87260070","      SHF.R.S32.HI R16, RZ, 0x1, R16 ","0","0","0","0","0","0","0","0","0","-","-","-","0","0","0","0","0","0","0","0","-","0","0","0","0","0","0","0","0","0","0","0","0","0","0","0","0","0","0","0","0","0","0","0","0","0","0","0","0","0","0","0","0","0","0","0","0","0","0","0","0","0","0"
"0x7efd87260080","      STS [0x20], R34 ","0","0","0","0","0","0","0","0","0","","","","0","0","0","0","0","0","0","0","-","0","0","0","0","0","0","0","0","0","0","0","0","0","0","0","0","0","0","0","0","0","0","0","0","0","0","0","0","0","0","0","0","0","0","0","0","0","0","0","0","0","0"
"0x7efd87260090","      STS [0x24], R16 ","0","0","0","0","0","0","0","0","0","","","","0","0","0","0","0","0","0","0","-","0","0","0","0","0","0","0","0","0","0","0","0","0","0","0","0","0","0","0","0","0","0","0","0","0","0","0","0","0","0","0","0","0","0","0","0","0","0","0","0","0","0"
"0x7efd872600a0","      STS [0x18], R16 ","0","0","0","0","0","0","0","0","0","","","","0","0","0","0","0","0","0","0","-","0","0","0","0","0","0","0","0","0","0","0","0","0","0","0","0","0","0","0","0","0","0","0","0","0","0","0","0","0","0","0","0","0","0","0","0","0","0","0","0","0","0"
"0x7efd872600b0","      STS [0x14], R34 ","0","0","0","0","0","0","0","0","0","","","","0","0","0","0","0","0","0","0","-","0","0","0","0","0","0","0","0","0","0","0","0","0","0","0","0","0","0","0","0","0","0","0","0","0","0","0","0","0","0","0","0","0","0","0","0","0","0","0","0","0","0"
"0x7efd872600c0","      IADD3 R17, R15, -0x3, RZ ","0","0","0","0","0","0","0","0","0","-","-","-","0","0","0","0","0","0","0","0","-","0","0","0","0","0","0","0","0","0","0","0","0","0","0","0","0","0","0","0","0","0","0","0","0","0","0","0","0","0","0","0","0","0","0","0","0","0","0","0","0","0","0"
"0x7efd872600d0","@!P2  BRA 0x7efd87260130 ","0","0","0","0","0","0","0","0","0","-","-","-","0","0","0","0","0","0","0","0","-","0","0","0","0","0","0","0","0","0","0","0","0","0","0","0","0","0","0","0","0","0","0","0","0","0","0","0","0","0","0","0","0","0","0","0","0","0","0","0","0","0","0"
"0x7efd872600e0","      ISETP.NE.AND P1, PT, R32, 0x1, PT ","0","0","0","0","0","0","0","0","0","-","-","-","0","0","0","0","0","0","0","0","-","0","0","0","0","0","0","0","0","0","0","0","0","0","0","0","0","0","0","0","0","0","0","0","0","0","0","0","0","0","0","0","0","0","0","0","0","0","0","0","0","0","0"
"0x7efd872600f0","@P1   BRA 0x7efd87260150 ","0","0","0","0","0","0","0","0","0","-","-","-","0","0","0","0","0","0","0","0","-","0","0","0","0","0","0","0","0","0","0","0","0","0","0","0","0","0","0","0","0","0","0","0","0","0","0","0","0","0","0","0","0","0","0","0","0","0","0","0","0","0","0"
"0x7efd87260100","      STS [0x2c], RZ ","0","0","0","0","0","0","0","0","0","","","","0","0","0","0","0","0","0","0","-","0","0","0","0","0","0","0","0","0","0","0","0","0","0","0","0","0","0","0","0","0","0","0","0","0","0","0","0","0","0","0","0","0","0","0","0","0","0","0","0","0","0"
"0x7efd87260110","      IMAD.MOV.U32 R8, RZ, RZ, R17 ","0","0","0","0","0","0","0","0","0","-","-","-","0","0","0","0","0","0","0","0","-","0","0","0","0","0","0","0","0","0","0","0","0","0","0","0","0","0","0","0","0","0","0","0","0","0","0","0","0","0","0","0","0","0","0","0","0","0","0","0","0","0","0"
"0x7efd87260120","      BRA 0x7efd87260150 ","0","0","0","0","0","0","0","0","0","-","-","-","0","0","0","0","0","0","0","0","-","0","0","0","0","0","0","0","0","0","0","0","0","0","0","0","0","0","0","0","0","0","0","0","0","0","0","0","0","0","0","0","0","0","0","0","0","0","0","0","0","0","0"
"0x7efd87260130","      STS [0x2c], RZ ","0","0","0","0","0","0","0","0","0","","","","0","0","0","0","0","0","0","0","-","0","0","0","0","0","0","0","0","0","0","0","0","0","0","0","0","0","0","0","0","0","0","0","0","0","0","0","0","0","0","0","0","0","0","0","0","0","0","0","0","0","0"
"0x7efd87260140","      IMNMX R30, R30, R17, !PT ","0","0","0","0","0","0","0","0","0","-","-","-","0","0","0","0","0","0","0","0","-","0","0","0","0","0","0","0","0","0","0","0","0","0","0","0","0","0","0","0","0","0","0","0","0","0","0","0","0","0","0","0","0","0","0","0","0","0","0","0","0","0","0"
"0x7efd87260150","      ISETP.GT.AND P1, PT, R18, R31, PT ","0","0","0","0","0","0","0","0","0","-","-","-","0","0","0","0","0","0","0","0","-","0","0","0","0","0","0","0","0","0","0","0","0","0","0","0","0","0","0","0","0","0","0","0","0","0","0","0","0","0","0","0","0","0","0","0","0","0","0","0","0","0","0"
"0x7efd87260160","@!P1  BRA 0x7efd872601e0 ","0","0","0","0","0","0","0","0","0","-","-","-","0","0","0","0","0","0","0","0","-","0","0","0","0","0","0","0","0","0","0","0","0","0","0","0","0","0","0","0","0","0","0","0","0","0","0","0","0","0","0","0","0","0","0","0","0","0","0","0","0","0","0"
"0x7efd87260170","      IMAD.IADD R16, R18, 0x1, R17 ","0","0","0","0","0","0","0","0","0","-","-","-","0","0","0","0","0","0","0","0","-","0","0","0","0","0","0","0","0","0","0","0","0","0","0","0","0","0","0","0","0","0","0","0","0","0","0","0","0","0","0","0","0","0","0","0","0","0","0","0","0","0","0"
"0x7efd87260180","      STS [0x1c], R18 ","0","0","0","0","0","0","0","0","0","","","","0","0","0","0","0","0","0","0","-","0","0","0","0","0","0","0","0","0","0","0","0","0","0","0","0","0","0","0","0","0","0","0","0","0","0","0","0","0","0","0","0","0","0","0","0","0","0","0","0","0","0"
"0x7efd87260190","      SHF.R.S32.HI R16, RZ, 0x1, R16 ","0","0","0","0","0","0","0","0","0","-","-","-","0","0","0","0","0","0","0","0","-","0","0","0","0","0","0","0","0","0","0","0","0","0","0","0","0","0","0","0","0","0","0","0","0","0","0","0","0","0","0","0","0","0","0","0","0","0","0","0","0","0","0"
"0x7efd872601a0","      STS [0x20], R18 ","0","0","0","0","0","0","0","0","0","","","","0","0","0","0","0","0","0","0","-","0","0","0","0","0","0","0","0","0","0","0","0","0","0","0","0","0","0","0","0","0","0","0","0","0","0","0","0","0","0","0","0","0","0","0","0","0","0","0","0","0","0"
"0x7efd872601b0","      STS [0x14], R18 ","0","0","0","0","0","0","0","0","0","","","","0","0","0","0","0","0","0","0","-","0","0","0","0","0","0","0","0","0","0","0","0","0","0","0","0","0","0","0","0","0","0","0","0","0","0","0","0","0","0","0","0","0","0","0","0","0","0","0","0","0","0"
"0x7efd872601c0","      STS [0x24], R16 ","0","0","0","0","0","0","0","0","0","","","","0","0","0","0","0","0","0","0","-","0","0","0","0","0","0","0","0","0","0","0","0","0","0","0","0","0","0","0","0","0","0","0","0","0","0","0","0","0","0","0","0","0","0","0","0","0","0","0","0","0","0"
"0x7efd872601d0","      STS [0x18], R16 ","0","0","0","0","0","0","0","0","0","","","","0","0","0","0","0","0","0","0","-","0","0","0","0","0","0","0","0","0","0","0","0","0","0","0","0","0","0","0","0","0","0","0","0","0","0","0","0","0","0","0","0","0","0","0","0","0","0","0","0","0","0"
"0x7efd872601e0","      IADD3 R15, R15, -0x4, RZ ","0","0","0","0","0","0","0","0","0","-","-","-","0","0","0","0","0","0","0","0","-","0","0","0","0","0","0","0","0","0","0","0","0","0","0","0","0","0","0","0","0","0","0","0","0","0","0","0","0","0","0","0","0","0","0","0","0","0","0","0","0","0","0"
"0x7efd872601f0","@P0   BRA 0x7efd8725fbf0 ","0","0","0","0","0","0","0","0","0","-","-","-","0","0","0","0","0","0","0","0","-","0","0","0","0","0","0","0","0","0","0","0","0","0","0","0","0","0","0","0","0","0","0","0","0","0","0","0","0","0","0","0","0","0","0","0","0","0","0","0","0","0","0"
"0x7efd87260200","      ISETP.NE.AND P0, PT, R7, RZ, PT ","13","1","13","518037","518037","518037","1","1","0","-","-","-","0","0","0","0","0","0","0","0","-","0","0","0","0","0","0","0","1","0","0","0","0","0","0","0","0","0","12","0","0","0","0","0","0","0","0","0","0","0","0","0","0","0","0","0","1","0","0","0","0","0","0"
"0x7efd87260210","@!P0  BRA 0x7efd872606d0 ","14","2","14","518037","518037","0","1","0","0","-","-","-","0","0","0","0","0","0","0","0","-","0","0","0","0","0","0","0","0","0","0","0","0","0","0","0","0","0","0","2","0","0","0","0","12","0","0","0","0","0","0","0","0","0","0","0","0","0","0","0","0","0","2"
"0x7efd87260220","      IMAD.IADD R18, R15, 0x1, -R14 ","0","0","0","518037","518037","518037","1","1","0","-","-","-","0","0","0","0","0","0","0","0","-","0","0","0","0","0","0","0","0","0","0","0","0","0","0","0","0","0","0","0","0","0","0","0","0","0","0","0","0","0","0","0","0","0","0","0","0","0","0","0","0","0","0"
"0x7efd87260230","      SHF.R.S32.HI R19, RZ, 0x1f, R18 ","19","1","19","518037","518037","518037","1","1","0","-","-","-","0","0","0","0","0","0","0","0","-","0","0","0","0","0","0","0","0","2","0","0","0","0","5","0","0","0","0","5","4","0","0","0","3","0","0","0","0","0","0","0","1","0","0","0","0","0","0","0","0","0","0"
"0x7efd87260240","      IMAD.WIDE R16, R0, 0x1000, R18 ","12","0","12","518037","518037","518037","1","1","0","-","-","-","0","0","0","0","0","0","0","0","-","0","0","0","0","0","0","0","0","1","0","0","0","0","2","0","0","0","0","1","2","0","0","0","6","0","0","0","0","0","0","0","0","0","0","0","0","0","0","0","0","0","0"
"0x7efd87260250","      IADD3 R16, P0, P1, R16, c[0x0][0x1c8], -R28 ","8","0","8","518037","518037","518037","1","1","0","-","-","-","0","0","0","0","0","0","0","0","-","0","0","0","0","0","0","0","0","0","0","0","0","0","4","0","0","0","0","2","1","0","0","0","1","0","0","0","0","0","0","0","0","0","0","0","0","0","0","0","0","0","0"
"0x7efd87260260","      IADD3.X R17, R17, c[0x0][0x1cc], ~R29, P0, P1 ","9","1","9","518037","518037","518037","1","1","0","-","-","-","0","0","0","0","0","0","0","0","-","0","0","0","0","0","0","0","0","1","0","0","0","0","3","0","0","0","0","2","1","0","0","0","2","0","0","0","0","0","0","0","1","0","0","0","0","0","0","0","0","0","0"
"0x7efd87260270","      LDG.E.U8 R12, [R16.64] ","4","1","4","518037","518037","518037","1","1","0","Global","Load","8","518037","0","0","0","0","0","518037","518037","","0","0","0","0","0","0","0","0","0","0","0","0","0","0","0","0","0","0","1","0","0","0","0","3","0","0","0","0","0","0","0","0","0","0","0","0","0","0","0","0","0","1"
"0x7efd87260280","      IMAD.WIDE R18, R18, 0x4, R24 ","1","0","1","518037","518037","518037","1","1","0","-","-","-","0","0","0","0","0","0","0","0","-","0","0","0","0","0","0","0","0","0","0","0","0","0","0","0","0","0","0","0","1","0","0","0","0","0","0","0","0","0","0","0","0","0","0","0","0","0","0","0","0","0","0"
"0x7efd87260290","      LDG.E R32, [R18.64] ","5","1","5","518037","518037","518037","1","1","0","Global","Load","32","518037","0","0","0","0","0","518037","518037","","0","0","0","0","0","0","0","0","1","0","0","0","0","0","0","1","0","0","2","1","0","0","0","0","0","0","0","0","0","0","0","0","0","1","0","0","0","0","0","0","0","0"
"0x7efd872602a0","      ISETP.NE.AND P0, PT, R12, 0x2, PT ","77","43","77","518037","518037","518037","1","1","0","-","-","-","0","0","0","0","0","0","0","0","-","0","0","0","0","0","0","0","0","3","0","0","0","68","1","0","0","0","0","5","0","0","0","0","0","0","0","0","0","0","0","43","0","0","0","0","0","0","0","0","0","0","0"
"0x7efd872602b0","@!P0  BRA 0x7efd87260310 ","13","5","13","518037","518037","0","1","0","0","-","-","-","0","0","0","0","0","0","0","0","-","0","0","0","0","0","0","0","0","0","0","0","0","0","0","0","0","0","0","2","0","0","0","0","11","0","0","0","0","0","0","0","0","0","0","0","0","0","0","0","0","0","5"
"0x7efd872602c0","      ISETP.NE.AND P0, PT, R12, 0x1, PT ","5","3","5","518037","518037","518037","1","1","0","-","-","-","0","0","0","0","0","0","0","0","-","0","0","0","0","0","0","0","0","0","0","0","0","0","1","0","0","0","0","0","1","0","0","0","3","0","0","0","0","0","0","0","0","0","0","0","0","0","0","0","0","0","3"
"0x7efd872602d0","@P0   BRA 0x7efd87260330 ","14","1","14","518037","518037","517976","1","0","0","-","-","-","0","0","0","0","0","0","0","0","-","0","0","0","0","0","0","0","0","2","0","0","0","0","0","0","0","0","0","2","1","0","0","0","9","0","0","0","0","0","0","0","0","0","0","0","0","0","0","0","0","0","1"
"0x7efd872602e0","      STS [0x2c], RZ ","6","3","6","61","61","61","1","1","0","Shared","Store","32","0","1","0","61","61","0","0","0","-","0","0","0","0","0","0","0","0","0","0","0","0","0","0","0","0","0","0","0","1","0","0","0","5","0","0","0","0","0","0","0","0","0","0","0","0","0","0","0","0","0","3"
"0x7efd872602f0","      IMAD.MOV.U32 R8, RZ, RZ, R15 ","0","0","0","61","61","61","1","1","0","-","-","-","0","0","0","0","0","0","0","0","-","0","0","0","0","0","0","0","0","0","0","0","0","0","0","0","0","0","0","0","0","0","0","0","0","0","0","0","0","0","0","0","0","0","0","0","0","0","0","0","0","0","0"
"0x7efd87260300","      BRA 0x7efd87260330 ","0","0","0","61","61","61","1","1","0","-","-","-","0","0","0","0","0","0","0","0","-","0","0","0","0","0","0","0","0","0","0","0","0","0","0","0","0","0","0","0","0","0","0","0","0","0","0","0","0","0","0","0","0","0","0","0","0","0","0","0","0","0","0"
"0x7efd87260310","      STS [0x2c], RZ ","0","0","0","0","0","0","0","0","0","","","","0","0","0","0","0","0","0","0","-","0","0","0","0","0","0","0","0","0","0","0","0","0","0","0","0","0","0","0","0","0","0","0","0","0","0","0","0","0","0","0","0","0","0","0","0","0","0","0","0","0","0"
"0x7efd87260320","      IMNMX R30, R15, R30, !PT ","0","0","0","0","0","0","0","0","0","-","-","-","0","0","0","0","0","0","0","0","-","0","0","0","0","0","0","0","0","0","0","0","0","0","0","0","0","0","0","0","0","0","0","0","0","0","0","0","0","0","0","0","0","0","0","0","0","0","0","0","0","0","0"
"0x7efd87260330","      LDS R12, [0x14] ","12","1","12","518037","518037","518037","1","1","0","Shared","Load","32","0","1","0","518037","518037","0","0","0","-","0","0","0","0","0","0","0","4","1","0","0","0","0","0","0","0","0","7","0","0","0","0","0","0","0","1","0","0","0","0","0","0","0","0","0","0","0","0","0","0","0","0"
"0x7efd87260340","      ISETP.NE.AND P1, PT, R7, 0x1, PT ","0","0","0","518037","518037","518037","1","1","0","-","-","-","0","0","0","0","0","0","0","0","-","0","0","0","0","0","0","0","0","0","0","0","0","0","0","0","0","0","0","0","0","0","0","0","0","0","0","0","0","0","0","0","0","0","0","0","0","0","0","0","0","0","0"
"0x7efd87260350","      ISETP.GT.AND P0, PT, R32, R12, PT ","21","2","21","518037","518037","518037","1","1","0","-","-","-","0","0","0","0","0","0","0","0","-","0","0","0","0","0","0","0","0","1","0","0","0","0","0","0","0","0","0","4","1","14","0","0","1","0","0","0","0","0","0","0","0","0","0","0","0","0","0","2","0","0","0"
"0x7efd87260360","@!P0  BRA 0x7efd872603f0 ","16","3","16","518037","518037","338402","1","0","0","-","-","-","0","0","0","0","0","0","0","0","-","0","0","0","0","0","0","0","0","0","0","0","0","0","0","0","0","0","0","1","2","0","0","0","13","0","0","0","0","0","0","0","0","0","0","0","0","0","0","0","0","0","3"
"0x7efd87260370","      IMAD.IADD R12, R32, 0x1, R15 ","4","2","4","179635","179635","179635","1","1","0","-","-","-","0","0","0","0","0","0","0","0","-","0","0","0","0","0","0","0","0","0","0","0","0","0","0","0","0","0","0","0","0","0","0","0","4","0","0","0","0","0","0","0","0","0","0","0","0","0","0","0","0","0","2"
"0x7efd87260380","      STS [0x1c], R32 ","0","0","0","179635","179635","179635","1","1","0","Shared","Store","32","0","1","0","179635","179635","0","0","0","-","0","0","0","0","0","0","0","0","0","0","0","0","0","0","0","0","0","0","0","0","0","0","0","0","0","0","0","0","0","0","0","0","0","0","0","0","0","0","0","0","0","0"
"0x7efd87260390","      SHF.R.S32.HI R31, RZ, 0x1, R12 ","2","0","2","179635","179635","179635","1","1","0","-","-","-","0","0","0","0","0","0","0","0","-","0","0","0","0","0","0","0","0","0","0","0","0","0","0","0","0","0","0","0","1","0","0","0","1","0","0","0","0","0","0","0","0","0","0","0","0","0","0","0","0","0","0"
"0x7efd872603a0","      STS [0x20], R32 ","1","0","1","179635","179635","179635","1","1","0","Shared","Store","32","0","1","0","179635","179635","0","0","0","-","0","0","0","0","0","0","0","0","0","0","0","0","0","0","0","0","0","0","0","1","0","0","0","0","0","0","0","0","0","0","0","0","0","0","0","0","0","0","0","0","0","0"
"0x7efd872603b0","      IMAD.MOV.U32 R12, RZ, RZ, R32 ","0","0","0","179635","179635","179635","1","1","0","-","-","-","0","0","0","0","0","0","0","0","-","0","0","0","0","0","0","0","0","0","0","0","0","0","0","0","0","0","0","0","0","0","0","0","0","0","0","0","0","0","0","0","0","0","0","0","0","0","0","0","0","0","0"
"0x7efd872603c0","      STS [0x24], R31 ","1","0","1","179635","179635","179635","1","1","0","Shared","Store","32","0","1","0","179635","179635","0","0","0","-","0","0","0","0","0","0","0","0","0","0","0","0","0","0","0","0","0","0","0","0","0","0","0","1","0","0","0","0","0","0","0","0","0","0","0","0","0","0","0","0","0","0"
"0x7efd872603d0","      STS [0x18], R31 ","3","0","3","179635","179635","179635","1","1","0","Shared","Store","32","0","1","0","179635","179635","0","0","0","-","0","0","0","0","0","0","0","0","0","0","0","0","0","0","0","0","0","0","1","0","0","0","0","2","0","0","0","0","0","0","0","0","0","0","0","0","0","0","0","0","0","0"
"0x7efd872603e0","      STS [0x14], R32 ","2","0","2","179635","179635","179635","1","1","0","Shared","Store","32","0","1","0","179635","179635","0","0","0","-","0","0","0","0","0","0","0","0","0","0","0","0","0","0","0","0","0","0","1","0","0","0","0","1","0","0","0","0","0","0","0","0","0","0","0","0","0","0","0","0","0","0"
"0x7efd872603f0","@!P1  BRA 0x7efd872606d0 ","4","1","4","518037","518037","518037","1","1","0","-","-","-","0","0","0","0","0","0","0","0","-","0","0","0","0","0","0","0","0","0","0","0","0","0","0","0","0","0","3","1","0","0","0","0","0","0","0","0","0","0","0","0","0","0","0","0","1","0","0","0","0","0","0"
"0x7efd87260400","      LDG.E.U8 R33, [R16.64+-0x1] ","4","1","4","0","0","0","0","0","0","","","","0","0","0","0","0","0","0","0","","0","0","0","0","0","0","0","0","0","0","0","0","0","0","0","0","0","0","0","1","0","0","0","3","0","0","0","0","0","0","0","0","0","0","0","0","0","0","0","0","0","1"
"0x7efd87260410","      LDG.E R32, [R18.64+-0x4] ","0","0","0","0","0","0","0","0","0","","","","0","0","0","0","0","0","0","0","","0","0","0","0","0","0","0","0","0","0","0","0","0","0","0","0","0","0","0","0","0","0","0","0","0","0","0","0","0","0","0","0","0","0","0","0","0","0","0","0","0","0"
"0x7efd87260420","      IADD3 R31, R15, -0x1, RZ ","0","0","0","0","0","0","0","0","0","-","-","-","0","0","0","0","0","0","0","0","-","0","0","0","0","0","0","0","0","0","0","0","0","0","0","0","0","0","0","0","0","0","0","0","0","0","0","0","0","0","0","0","0","0","0","0","0","0","0","0","0","0","0"
"0x7efd87260430","      ISETP.NE.AND P0, PT, R33, 0x2, PT ","0","0","0","0","0","0","0","0","0","-","-","-","0","0","0","0","0","0","0","0","-","0","0","0","0","0","0","0","0","0","0","0","0","0","0","0","0","0","0","0","0","0","0","0","0","0","0","0","0","0","0","0","0","0","0","0","0","0","0","0","0","0","0"
"0x7efd87260440","@!P0  BRA 0x7efd872604a0 ","0","0","0","0","0","0","0","0","0","-","-","-","0","0","0","0","0","0","0","0","-","0","0","0","0","0","0","0","0","0","0","0","0","0","0","0","0","0","0","0","0","0","0","0","0","0","0","0","0","0","0","0","0","0","0","0","0","0","0","0","0","0","0"
"0x7efd87260450","      ISETP.NE.AND P0, PT, R33, 0x1, PT ","0","0","0","0","0","0","0","0","0","-","-","-","0","0","0","0","0","0","0","0","-","0","0","0","0","0","0","0","0","0","0","0","0","0","0","0","0","0","0","0","0","0","0","0","0","0","0","0","0","0","0","0","0","0","0","0","0","0","0","0","0","0","0"
"0x7efd87260460","@P0   BRA 0x7efd872604c0 ","0","0","0","0","0","0","0","0","0","-","-","-","0","0","0","0","0","0","0","0","-","0","0","0","0","0","0","0","0","0","0","0","0","0","0","0","0","0","0","0","0","0","0","0","0","0","0","0","0","0","0","0","0","0","0","0","0","0","0","0","0","0","0"
"0x7efd87260470","      STS [0x2c], RZ ","0","0","0","0","0","0","0","0","0","","","","0","0","0","0","0","0","0","0","-","0","0","0","0","0","0","0","0","0","0","0","0","0","0","0","0","0","0","0","0","0","0","0","0","0","0","0","0","0","0","0","0","0","0","0","0","0","0","0","0","0","0"
"0x7efd87260480","      IMAD.MOV.U32 R8, RZ, RZ, R31 ","0","0","0","0","0","0","0","0","0","-","-","-","0","0","0","0","0","0","0","0","-","0","0","0","0","0","0","0","0","0","0","0","0","0","0","0","0","0","0","0","0","0","0","0","0","0","0","0","0","0","0","0","0","0","0","0","0","0","0","0","0","0","0"
"0x7efd87260490","      BRA 0x7efd872604c0 ","0","0","0","0","0","0","0","0","0","-","-","-","0","0","0","0","0","0","0","0","-","0","0","0","0","0","0","0","0","0","0","0","0","0","0","0","0","0","0","0","0","0","0","0","0","0","0","0","0","0","0","0","0","0","0","0","0","0","0","0","0","0","0"
"0x7efd872604a0","      STS [0x2c], RZ ","0","0","0","0","0","0","0","0","0","","","","0","0","0","0","0","0","0","0","-","0","0","0","0","0","0","0","0","0","0","0","0","0","0","0","0","0","0","0","0","0","0","0","0","0","0","0","0","0","0","0","0","0","0","0","0","0","0","0","0","0","0"
"0x7efd872604b0","      IMNMX R30, R31, R30, !PT ","0","0","0","0","0","0","0","0","0","-","-","-","0","0","0","0","0","0","0","0","-","0","0","0","0","0","0","0","0","0","0","0","0","0","0","0","0","0","0","0","0","0","0","0","0","0","0","0","0","0","0","0","0","0","0","0","0","0","0","0","0","0","0"
"0x7efd872604c0","      ISETP.GT.AND P0, PT, R32, R12, PT ","0","0","0","0","0","0","0","0","0","-","-","-","0","0","0","0","0","0","0","0","-","0","0","0","0","0","0","0","0","0","0","0","0","0","0","0","0","0","0","0","0","0","0","0","0","0","0","0","0","0","0","0","0","0","0","0","0","0","0","0","0","0","0"
"0x7efd872604d0","      ISETP.NE.AND P1, PT, R7, 0x2, PT ","0","0","0","0","0","0","0","0","0","-","-","-","0","0","0","0","0","0","0","0","-","0","0","0","0","0","0","0","0","0","0","0","0","0","0","0","0","0","0","0","0","0","0","0","0","0","0","0","0","0","0","0","0","0","0","0","0","0","0","0","0","0","0"
"0x7efd872604e0","@!P0  BRA 0x7efd87260570 ","0","0","0","0","0","0","0","0","0","-","-","-","0","0","0","0","0","0","0","0","-","0","0","0","0","0","0","0","0","0","0","0","0","0","0","0","0","0","0","0","0","0","0","0","0","0","0","0","0","0","0","0","0","0","0","0","0","0","0","0","0","0","0"
"0x7efd872604f0","      IMAD.IADD R7, R31, 0x1, R32 ","0","0","0","0","0","0","0","0","0","-","-","-","0","0","0","0","0","0","0","0","-","0","0","0","0","0","0","0","0","0","0","0","0","0","0","0","0","0","0","0","0","0","0","0","0","0","0","0","0","0","0","0","0","0","0","0","0","0","0","0","0","0","0"
"0x7efd87260500","      STS [0x1c], R32 ","0","0","0","0","0","0","0","0","0","","","","0","0","0","0","0","0","0","0","-","0","0","0","0","0","0","0","0","0","0","0","0","0","0","0","0","0","0","0","0","0","0","0","0","0","0","0","0","0","0","0","0","0","0","0","0","0","0","0","0","0","0"
"0x7efd87260510","      IMAD.MOV.U32 R12, RZ, RZ, R32 ","0","0","0","0","0","0","0","0","0","-","-","-","0","0","0","0","0","0","0","0","-","0","0","0","0","0","0","0","0","0","0","0","0","0","0","0","0","0","0","0","0","0","0","0","0","0","0","0","0","0","0","0","0","0","0","0","0","0","0","0","0","0","0"
"0x7efd87260520","      SHF.R.S32.HI R7, RZ, 0x1, R7 ","0","0","0","0","0","0","0","0","0","-","-","-","0","0","0","0","0","0","0","0","-","0","0","0","0","0","0","0","0","0","0","0","0","0","0","0","0","0","0","0","0","0","0","0","0","0","0","0","0","0","0","0","0","0","0","0","0","0","0","0","0","0","0"
"0x7efd87260530","      STS [0x20], R32 ","0","0","0","0","0","0","0","0","0","","","","0","0","0","0","0","0","0","0","-","0","0","0","0","0","0","0","0","0","0","0","0","0","0","0","0","0","0","0","0","0","0","0","0","0","0","0","0","0","0","0","0","0","0","0","0","0","0","0","0","0","0"
"0x7efd87260540","      STS [0x24], R7 ","0","0","0","0","0","0","0","0","0","","","","0","0","0","0","0","0","0","0","-","0","0","0","0","0","0","0","0","0","0","0","0","0","0","0","0","0","0","0","0","0","0","0","0","0","0","0","0","0","0","0","0","0","0","0","0","0","0","0","0","0","0"
"0x7efd87260550","      STS [0x18], R7 ","0","0","0","0","0","0","0","0","0","","","","0","0","0","0","0","0","0","0","-","0","0","0","0","0","0","0","0","0","0","0","0","0","0","0","0","0","0","0","0","0","0","0","0","0","0","0","0","0","0","0","0","0","0","0","0","0","0","0","0","0","0"
"0x7efd87260560","      STS [0x14], R32 ","0","0","0","0","0","0","0","0","0","","","","0","0","0","0","0","0","0","0","-","0","0","0","0","0","0","0","0","0","0","0","0","0","0","0","0","0","0","0","0","0","0","0","0","0","0","0","0","0","0","0","0","0","0","0","0","0","0","0","0","0","0"
"0x7efd87260570","@!P1  BRA 0x7efd872606d0 ","0","0","0","0","0","0","0","0","0","-","-","-","0","0","0","0","0","0","0","0","-","0","0","0","0","0","0","0","0","0","0","0","0","0","0","0","0","0","0","0","0","0","0","0","0","0","0","0","0","0","0","0","0","0","0","0","0","0","0","0","0","0","0"
"0x7efd87260580","      LDG.E.U8 R16, [R16.64+-0x2] ","0","0","0","0","0","0","0","0","0","","","","0","0","0","0","0","0","0","0","","0","0","0","0","0","0","0","0","0","0","0","0","0","0","0","0","0","0","0","0","0","0","0","0","0","0","0","0","0","0","0","0","0","0","0","0","0","0","0","0","0","0"
"0x7efd87260590","      LDG.E R18, [R18.64+-0x8] ","0","0","0","0","0","0","0","0","0","","","","0","0","0","0","0","0","0","0","","0","0","0","0","0","0","0","0","0","0","0","0","0","0","0","0","0","0","0","0","0","0","0","0","0","0","0","0","0","0","0","0","0","0","0","0","0","0","0","0","0","0"
"0x7efd872605a0","      IADD3 R7, R15, -0x2, RZ ","0","0","0","0","0","0","0","0","0","-","-","-","0","0","0","0","0","0","0","0","-","0","0","0","0","0","0","0","0","0","0","0","0","0","0","0","0","0","0","0","0","0","0","0","0","0","0","0","0","0","0","0","0","0","0","0","0","0","0","0","0","0","0"
"0x7efd872605b0","      ISETP.NE.AND P0, PT, R16, 0x2, PT ","0","0","0","0","0","0","0","0","0","-","-","-","0","0","0","0","0","0","0","0","-","0","0","0","0","0","0","0","0","0","0","0","0","0","0","0","0","0","0","0","0","0","0","0","0","0","0","0","0","0","0","0","0","0","0","0","0","0","0","0","0","0","0"
"0x7efd872605c0","@!P0  BRA 0x7efd87260620 ","0","0","0","0","0","0","0","0","0","-","-","-","0","0","0","0","0","0","0","0","-","0","0","0","0","0","0","0","0","0","0","0","0","0","0","0","0","0","0","0","0","0","0","0","0","0","0","0","0","0","0","0","0","0","0","0","0","0","0","0","0","0","0"
"0x7efd872605d0","      ISETP.NE.AND P0, PT, R16, 0x1, PT ","0","0","0","0","0","0","0","0","0","-","-","-","0","0","0","0","0","0","0","0","-","0","0","0","0","0","0","0","0","0","0","0","0","0","0","0","0","0","0","0","0","0","0","0","0","0","0","0","0","0","0","0","0","0","0","0","0","0","0","0","0","0","0"
"0x7efd872605e0","@P0   BRA 0x7efd87260640 ","0","0","0","0","0","0","0","0","0","-","-","-","0","0","0","0","0","0","0","0","-","0","0","0","0","0","0","0","0","0","0","0","0","0","0","0","0","0","0","0","0","0","0","0","0","0","0","0","0","0","0","0","0","0","0","0","0","0","0","0","0","0","0"
"0x7efd872605f0","      STS [0x2c], RZ ","0","0","0","0","0","0","0","0","0","","","","0","0","0","0","0","0","0","0","-","0","0","0","0","0","0","0","0","0","0","0","0","0","0","0","0","0","0","0","0","0","0","0","0","0","0","0","0","0","0","0","0","0","0","0","0","0","0","0","0","0","0"
"0x7efd87260600","      IMAD.MOV.U32 R8, RZ, RZ, R7 ","0","0","0","0","0","0","0","0","0","-","-","-","0","0","0","0","0","0","0","0","-","0","0","0","0","0","0","0","0","0","0","0","0","0","0","0","0","0","0","0","0","0","0","0","0","0","0","0","0","0","0","0","0","0","0","0","0","0","0","0","0","0","0"
"0x7efd87260610","      BRA 0x7efd87260640 ","0","0","0","0","0","0","0","0","0","-","-","-","0","0","0","0","0","0","0","0","-","0","0","0","0","0","0","0","0","0","0","0","0","0","0","0","0","0","0","0","0","0","0","0","0","0","0","0","0","0","0","0","0","0","0","0","0","0","0","0","0","0","0"
"0x7efd87260620","      STS [0x2c], RZ ","0","0","0","0","0","0","0","0","0","","","","0","0","0","0","0","0","0","0","-","0","0","0","0","0","0","0","0","0","0","0","0","0","0","0","0","0","0","0","0","0","0","0","0","0","0","0","0","0","0","0","0","0","0","0","0","0","0","0","0","0","0"
"0x7efd87260630","      IMNMX R30, R7, R30, !PT ","0","0","0","0","0","0","0","0","0","-","-","-","0","0","0","0","0","0","0","0","-","0","0","0","0","0","0","0","0","0","0","0","0","0","0","0","0","0","0","0","0","0","0","0","0","0","0","0","0","0","0","0","0","0","0","0","0","0","0","0","0","0","0"
"0x7efd87260640","      ISETP.GT.AND P0, PT, R18, R12, PT ","0","0","0","0","0","0","0","0","0","-","-","-","0","0","0","0","0","0","0","0","-","0","0","0","0","0","0","0","0","0","0","0","0","0","0","0","0","0","0","0","0","0","0","0","0","0","0","0","0","0","0","0","0","0","0","0","0","0","0","0","0","0","0"
"0x7efd87260650","@!P0  BRA 0x7efd872606d0 ","0","0","0","0","0","0","0","0","0","-","-","-","0","0","0","0","0","0","0","0","-","0","0","0","0","0","0","0","0","0","0","0","0","0","0","0","0","0","0","0","0","0","0","0","0","0","0","0","0","0","0","0","0","0","0","0","0","0","0","0","0","0","0"
"0x7efd87260660","      IMAD.IADD R7, R7, 0x1, R18 ","0","0","0","0","0","0","0","0","0","-","-","-","0","0","0","0","0","0","0","0","-","0","0","0","0","0","0","0","0","0","0","0","0","0","0","0","0","0","0","0","0","0","0","0","0","0","0","0","0","0","0","0","0","0","0","0","0","0","0","0","0","0","0"
"0x7efd87260670","      STS [0x1c], R18 ","0","0","0","0","0","0","0","0","0","","","","0","0","0","0","0","0","0","0","-","0","0","0","0","0","0","0","0","0","0","0","0","0","0","0","0","0","0","0","0","0","0","0","0","0","0","0","0","0","0","0","0","0","0","0","0","0","0","0","0","0","0"
"0x7efd87260680","      SHF.R.S32.HI R7, RZ, 0x1, R7 ","0","0","0","0","0","0","0","0","0","-","-","-","0","0","0","0","0","0","0","0","-","0","0","0","0","0","0","0","0","0","0","0","0","0","0","0","0","0","0","0","0","0","0","0","0","0","0","0","0","0","0","0","0","0","0","0","0","0","0","0","0","0","0"
"0x7efd87260690","      STS [0x20], R18 ","0","0","0","0","0","0","0","0","0","","","","0","0","0","0","0","0","0","0","-","0","0","0","0","0","0","0","0","0","0","0","0","0","0","0","0","0","0","0","0","0","0","0","0","0","0","0","0","0","0","0","0","0","0","0","0","0","0","0","0","0","0"
"0x7efd872606a0","      STS [0x14], R18 ","0","0","0","0","0","0","0","0","0","","","","0","0","0","0","0","0","0","0","-","0","0","0","0","0","0","0","0","0","0","0","0","0","0","0","0","0","0","0","0","0","0","0","0","0","0","0","0","0","0","0","0","0","0","0","0","0","0","0","0","0","0"
"0x7efd872606b0","      STS [0x24], R7 ","0","0","0","0","0","0","0","0","0","","","","0","0","0","0","0","0","0","0","-","0","0","0","0","0","0","0","0","0","0","0","0","0","0","0","0","0","0","0","0","0","0","0","0","0","0","0","0","0","0","0","0","0","0","0","0","0","0","0","0","0","0"
"0x7efd872606c0","      STS [0x18], R7 ","0","0","0","0","0","0","0","0","0","","","","0","0","0","0","0","0","0","0","-","0","0","0","0","0","0","0","0","0","0","0","0","0","0","0","0","0","0","0","0","0","0","0","0","0","0","0","0","0","0","0","0","0","0","0","0","0","0","0","0","0","0"
"0x7efd872606d0","      LDS R7, [0x2c] ","19","8","19","518037","518037","518037","1","1","0","Shared","Load","32","0","1","0","518037","518037","0","0","0","-","0","0","0","0","0","0","0","2","0","0","0","0","0","0","0","0","0","16","1","0","0","0","0","0","0","0","0","0","0","0","0","0","0","0","0","8","0","0","0","0","0","0"
"0x7efd872606e0","      IMAD.MOV.U32 R12, RZ, RZ, R14 ","1","0","1","518037","518037","518037","1","1","0","-","-","-","0","0","0","0","0","0","0","0","-","0","0","0","0","0","0","0","0","0","0","0","0","0","0","0","0","0","0","0","1","0","0","0","0","0","0","0","0","0","0","0","0","0","0","0","0","0","0","0","0","0","0"
"0x7efd872606f0","      ISETP.NE.AND P0, PT, R7, RZ, PT ","27","4","27","518037","518037","518037","1","1","0","-","-","-","0","0","0","0","0","0","0","0","-","0","0","0","0","0","0","0","0","2","0","0","0","0","1","0","0","0","0","4","0","20","0","0","0","0","0","0","0","0","0","0","0","0","0","0","0","0","0","4","0","0","0"
"0x7efd87260700","@P0   BRA 0x7efd87260860 ","12","1","12","518037","518037","517976","1","0","0","-","-","-","0","0","0","0","0","0","0","0","-","0","0","0","0","0","0","0","0","0","0","0","0","0","0","0","0","0","0","1","0","0","0","0","11","0","0","0","0","0","0","0","0","0","0","0","0","0","0","0","0","0","1"
"0x7efd87260710","      LDS R16, [0x14] ","7","1","7","61","61","61","1","1","0","Shared","Load","32","0","1","0","61","61","0","0","0","-","0","0","0","0","0","0","0","0","0","0","0","0","0","0","0","0","0","0","0","1","0","0","0","6","0","0","0","0","0","0","0","0","0","0","0","0","0","0","0","0","0","1"
"0x7efd87260720","      LDS R19, [0x18] ","0","0","0","61","61","61","1","1","0","Shared","Load","32","0","1","0","61","61","0","0","0","-","0","0","0","0","0","0","0","0","0","0","0","0","0","0","0","0","0","0","0","0","0","0","0","0","0","0","0","0","0","0","0","0","0","0","0","0","0","0","0","0","0","0"
"0x7efd87260730","      IMAD.IADD R16, R16, 0x1, -R19 ","0","0","0","61","61","61","1","1","0","-","-","-","0","0","0","0","0","0","0","0","-","0","0","0","0","0","0","0","0","0","0","0","0","0","0","0","0","0","0","0","0","0","0","0","0","0","0","0","0","0","0","0","0","0","0","0","0","0","0","0","0","0","0"
"0x7efd87260740","      SHF.R.S32.HI R7, RZ, 0x1f, R16 ","0","0","0","61","61","61","1","1","0","-","-","-","0","0","0","0","0","0","0","0","-","0","0","0","0","0","0","0","0","0","0","0","0","0","0","0","0","0","0","0","0","0","0","0","0","0","0","0","0","0","0","0","0","0","0","0","0","0","0","0","0","0","0"
"0x7efd87260750","      IADD3 R16, P0, P1, R5, R10, R16 ","0","0","0","61","61","61","1","1","0","-","-","-","0","0","0","0","0","0","0","0","-","0","0","0","0","0","0","0","0","0","0","0","0","0","0","0","0","0","0","0","0","0","0","0","0","0","0","0","0","0","0","0","0","0","0","0","0","0","0","0","0","0","0"
"0x7efd87260760","      IADD3.X R17, R6, R11, R7, P0, P1 ","0","0","0","61","61","61","1","1","0","-","-","-","0","0","0","0","0","0","0","0","-","0","0","0","0","0","0","0","0","0","0","0","0","0","0","0","0","0","0","0","0","0","0","0","0","0","0","0","0","0","0","0","0","0","0","0","0","0","0","0","0","0","0"
"0x7efd87260770","      LDG.E.U8 R16, [R16.64] ","0","0","0","61","61","61","1","1","0","Global","Load","8","61","0","0","0","0","0","61","61","","0","0","0","0","0","0","0","0","0","0","0","0","0","0","0","0","0","0","0","0","0","0","0","0","0","0","0","0","0","0","0","0","0","0","0","0","0","0","0","0","0","0"
"0x7efd87260780","      ISETP.GE.AND P0, PT, R13, R8, PT ","0","0","0","61","61","61","1","1","0","-","-","-","0","0","0","0","0","0","0","0","-","0","0","0","0","0","0","0","0","0","0","0","0","0","0","0","0","0","0","0","0","0","0","0","0","0","0","0","0","0","0","0","0","0","0","0","0","0","0","0","0","0","0"
"0x7efd87260790","      ISETP.GT.AND P1, PT, R14, R30, PT ","0","0","0","61","61","61","1","1","0","-","-","-","0","0","0","0","0","0","0","0","-","0","0","0","0","0","0","0","0","0","0","0","0","0","0","0","0","0","0","0","0","0","0","0","0","0","0","0","0","0","0","0","0","0","0","0","0","0","0","0","0","0","0"
"0x7efd872607a0","      IADD3 R7, R30, 0x1, RZ ","0","0","0","61","61","61","1","1","0","-","-","-","0","0","0","0","0","0","0","0","-","0","0","0","0","0","0","0","0","0","0","0","0","0","0","0","0","0","0","0","0","0","0","0","0","0","0","0","0","0","0","0","0","0","0","0","0","0","0","0","0","0","0"
"0x7efd872607b0","      ISETP.NE.AND P2, PT, R16, 0x4, PT ","0","0","0","61","61","61","1","1","0","-","-","-","0","0","0","0","0","0","0","0","-","0","0","0","0","0","0","0","0","0","0","0","0","0","0","0","0","0","0","0","0","0","0","0","0","0","0","0","0","0","0","0","0","0","0","0","0","0","0","0","0","0","0"
"0x7efd872607c0","@!P2  BRA 0x7efd87260840 ","0","0","0","61","61","0","1","0","0","-","-","-","0","0","0","0","0","0","0","0","-","0","0","0","0","0","0","0","0","0","0","0","0","0","0","0","0","0","0","0","0","0","0","0","0","0","0","0","0","0","0","0","0","0","0","0","0","0","0","0","0","0","0"
"0x7efd872607d0","      SHF.R.S32.HI R15, RZ, 0x1f, R19 ","0","0","0","61","61","61","1","1","0","-","-","-","0","0","0","0","0","0","0","0","-","0","0","0","0","0","0","0","0","0","0","0","0","0","0","0","0","0","0","0","0","0","0","0","0","0","0","0","0","0","0","0","0","0","0","0","0","0","0","0","0","0","0"
"0x7efd872607e0","      IADD3 R16, P2, P4, R20, c[0x0][0x160], R19 ","0","0","0","61","61","61","1","1","0","-","-","-","0","0","0","0","0","0","0","0","-","0","0","0","0","0","0","0","0","0","0","0","0","0","0","0","0","0","0","0","0","0","0","0","0","0","0","0","0","0","0","0","0","0","0","0","0","0","0","0","0","0","0"
"0x7efd872607f0","      IADD3.X R17, R21, c[0x0][0x164], R15, P2, P4 ","0","0","0","61","61","61","1","1","0","-","-","-","0","0","0","0","0","0","0","0","-","0","0","0","0","0","0","0","0","0","0","0","0","0","0","0","0","0","0","0","0","0","0","0","0","0","0","0","0","0","0","0","0","0","0","0","0","0","0","0","0","0","0"
"0x7efd87260800","      LDG.E.U8 R16, [R16.64] ","0","0","0","61","61","61","1","1","0","Global","Load","8","61","0","0","0","0","0","61","61","","0","0","0","0","0","0","0","0","0","0","0","0","0","0","0","0","0","0","0","0","0","0","0","0","0","0","0","0","0","0","0","0","0","0","0","0","0","0","0","0","0","0"
"0x7efd87260810","      ISETP.NE.AND P2, PT, R16, 0x4, PT ","0","0","0","61","61","61","1","1","0","-","-","-","0","0","0","0","0","0","0","0","-","0","0","0","0","0","0","0","0","0","0","0","0","0","0","0","0","0","0","0","0","0","0","0","0","0","0","0","0","0","0","0","0","0","0","0","0","0","0","0","0","0","0"
"0x7efd87260820","@P2   IMAD.MOV.U32 R12, RZ, RZ, 0x1 ","0","0","0","61","61","0","1","0","0","-","-","-","0","0","0","0","0","0","0","0","-","0","0","0","0","0","0","0","0","0","0","0","0","0","0","0","0","0","0","0","0","0","0","0","0","0","0","0","0","0","0","0","0","0","0","0","0","0","0","0","0","0","0"
"0x7efd87260830","@P2   STS [0x2c], R12 ","0","0","0","61","61","0","1","0","0","","Store","32","0","0","0","0","0","0","0","0","-","0","0","0","0","0","0","0","0","0","0","0","0","0","0","0","0","0","0","0","0","0","0","0","0","0","0","0","0","0","0","0","0","0","0","0","0","0","0","0","0","0","0"
"0x7efd87260840","@P0   IADD3 R13, R8, -0x1, RZ ","0","0","0","61","61","61","1","1","0","-","-","-","0","0","0","0","0","0","0","0","-","0","0","0","0","0","0","0","0","0","0","0","0","0","0","0","0","0","0","0","0","0","0","0","0","0","0","0","0","0","0","0","0","0","0","0","0","0","0","0","0","0","0"
"0x7efd87260850","      SEL R12, R14, R7, P1 ","0","0","0","61","61","61","1","1","0","-","-","-","0","0","0","0","0","0","0","0","-","0","0","0","0","0","0","0","0","0","0","0","0","0","0","0","0","0","0","0","0","0","0","0","0","0","0","0","0","0","0","0","0","0","0","0","0","0","0","0","0","0","0"
"0x7efd87260860","      IMAD.MOV.U32 R15, RZ, RZ, R12 ","7","1","7","518037","518037","518037","1","1","0","-","-","-","0","0","0","0","0","0","0","0","-","0","0","0","0","0","0","0","2","0","0","0","0","0","0","0","0","0","5","0","0","0","0","0","0","0","0","0","0","0","0","0","0","0","0","0","1","0","0","0","0","0","0"
"0x7efd87260870","      STS [0x10], R13 ","2","1","2","518037","518037","518037","1","1","0","Shared","Store","32","0","1","0","518037","518037","0","0","0","-","0","0","0","0","0","0","0","0","0","0","0","0","0","0","0","1","0","0","0","1","0","0","0","0","0","0","0","0","0","0","0","0","0","1","0","0","0","0","0","0","0","0"
"0x7efd87260880","      STS.128 [RZ], R12 ","9","1","9","518037","518037","518037","1","1","0","Shared","Store","128","0","1","0","518037","518037","0","0","0","-","0","0","0","0","0","0","0","0","0","0","0","0","0","0","0","0","0","6","0","0","0","0","0","3","0","0","0","0","0","0","0","0","0","0","0","1","0","0","0","0","0","0"
"0x7efd87260890","      BSYNC B1 ","5","1","5","1036074","16577184","16577184","16","16","0","-","-","-","0","0","0","0","0","0","0","0","-","0","0","0","0","0","0","0","1","0","0","0","0","0","0","0","0","0","3","0","0","0","0","0","1","0","0","0","0","0","0","0","0","0","0","0","1","0","0","0","0","0","0"
"0x7efd872608a0","      NOP ","12","2","12","518037","16577184","16577184","32","32","0","-","-","-","0","0","0","0","0","0","0","0","-","0","0","0","0","0","0","0","3","0","0","0","0","0","0","0","0","0","0","0","2","0","0","0","7","0","0","0","0","0","0","0","0","0","0","0","0","0","0","0","0","0","2"
"0x7efd872608b0","      LDS R7, [0x2c] ","7","1","7","518037","16577184","16577184","32","32","0","Shared","Load","32","0","1","0","518037","518037","0","0","0","-","0","0","0","0","0","0","0","0","1","0","0","0","0","0","0","1","0","0","3","0","0","0","0","2","0","0","0","0","0","0","0","0","0","0","0","0","0","0","0","0","0","1"
"0x7efd872608c0","      ISETP.NE.AND P0, PT, R7, RZ, PT ","16","1","16","518037","16577184","16577184","32","32","0","-","-","-","0","0","0","0","0","0","0","0","-","0","0","0","0","0","0","0","0","0","0","0","0","0","1","0","0","0","0","0","0","15","0","0","0","0","0","0","0","0","0","0","0","0","0","0","0","0","0","1","0","0","0"
"0x7efd872608d0","@!P0  BRA 0x7efd87261d40 ","12","1","12","518037","16577184","1952","32","0","0","-","-","-","0","0","0","0","0","0","0","0","-","0","0","0","0","0","0","0","0","1","0","0","0","0","0","0","0","0","0","3","0","0","0","0","8","0","0","0","0","0","0","0","0","0","0","0","0","0","0","0","0","0","1"
"0x7efd872608e0","      LDS R12, [0x34] ","3","1","3","517976","16575232","16575232","32","32","0","Shared","Load","32","0","1","0","517976","517976","0","0","0","-","0","0","0","0","0","0","0","0","0","0","0","0","0","0","0","0","0","0","0","1","0","0","0","2","0","0","0","0","0","0","0","0","0","0","0","0","0","0","0","0","0","1"
"0x7efd872608f0","      IADD3 R18, P2, R24, 0x2000, RZ ","3","0","3","517976","16575232","16575232","32","32","0","-","-","-","0","0","0","0","0","0","0","0","-","0","0","0","0","0","0","0","0","0","0","0","0","0","0","0","0","0","0","0","3","0","0","0","0","0","0","0","0","0","0","0","0","0","0","0","0","0","0","0","0","0","0"
"0x7efd87260900","      LDS R7, [0x14] ","1","0","1","517976","16575232","16575232","32","32","0","Shared","Load","32","0","1","0","517976","517976","0","0","0","-","0","0","0","0","0","0","0","0","0","0","0","0","0","0","0","0","0","0","0","1","0","0","0","0","0","0","0","0","0","0","0","0","0","0","0","0","0","0","0","0","0","0"
"0x7efd87260910","      IMAD.X R43, RZ, RZ, R25, P2 ","1","0","1","517976","16575232","16575232","32","32","0","-","-","-","0","0","0","0","0","0","0","0","-","0","0","0","0","0","0","0","0","0","0","0","0","0","0","0","0","0","0","0","0","0","0","0","1","0","0","0","0","0","0","0","0","0","0","0","0","0","0","0","0","0","0"
"0x7efd87260920","      LDS R8, [0x1c] ","3","0","3","517976","16575232","16575232","32","32","0","Shared","Load","32","0","1","0","517976","517976","0","0","0","-","0","0","0","0","0","0","0","0","1","0","0","0","0","0","0","0","0","0","1","1","0","0","0","0","0","0","0","0","0","0","0","0","0","0","0","0","0","0","0","0","0","0"
"0x7efd87260930","      ISETP.NE.AND P0, PT, R12, RZ, PT ","15","5","15","517976","16575232","16575232","32","32","0","-","-","-","0","0","0","0","0","0","0","0","-","0","0","0","0","0","0","0","0","1","0","0","0","0","5","0","0","0","0","0","1","8","0","0","0","0","0","0","0","0","0","0","2","0","0","0","0","0","0","3","0","0","0"
"0x7efd87260940","      IADD3 R12, P1, R26, 0x4000, RZ ","0","0","0","517976","16575232","16575232","32","32","0","-","-","-","0","0","0","0","0","0","0","0","-","0","0","0","0","0","0","0","0","0","0","0","0","0","0","0","0","0","0","0","0","0","0","0","0","0","0","0","0","0","0","0","0","0","0","0","0","0","0","0","0","0","0"
"0x7efd87260950","      IADD3 R7, R7, -0xfa, RZ ","4","1","4","517976","16575232","16575232","32","32","0","-","-","-","0","0","0","0","0","0","0","0","-","0","0","0","0","0","0","0","0","1","0","0","0","0","1","0","0","0","0","0","0","2","0","0","0","0","0","1","0","0","0","0","0","0","0","0","0","0","0","0","0","0","0"
"0x7efd87260960","      IMAD.X R16, RZ, RZ, R27, P1 ","3","0","3","517976","16575232","16575232","32","32","0","-","-","-","0","0","0","0","0","0","0","0","-","0","0","0","0","0","0","0","0","1","0","0","0","0","1","0","0","0","0","0","0","0","0","0","1","0","0","0","0","0","0","0","0","0","0","0","0","0","0","0","0","0","0"
"0x7efd87260970","      ISETP.LT.OR P0, PT, R8, R7, P0 ","4","2","4","517976","16575232","16575232","32","32","0","-","-","-","0","0","0","0","0","0","0","0","-","0","0","0","0","0","0","0","0","1","0","0","0","0","2","0","0","0","0","0","0","1","0","0","0","0","0","0","0","0","0","0","2","0","0","0","0","0","0","0","0","0","0"
"0x7efd87260980","      IADD3 R8, P4, R22, 0x2000, RZ ","1","0","1","517976","16575232","16575232","32","32","0","-","-","-","0","0","0","0","0","0","0","0","-","0","0","0","0","0","0","0","0","0","0","0","0","0","0","0","0","0","0","0","1","0","0","0","0","0","0","0","0","0","0","0","0","0","0","0","0","0","0","0","0","0","0"
"0x7efd87260990","      IMAD.X R19, RZ, RZ, R23, P4 ","6","1","6","517976","16575232","16575232","32","32","0","-","-","-","0","0","0","0","0","0","0","0","-","0","0","0","0","0","0","0","0","1","0","0","0","0","1","0","0","0","0","0","0","0","0","0","4","0","0","0","0","0","0","0","0","0","0","0","0","0","0","0","0","0","1"
"0x7efd872609a0","@P0   BRA 0x7efd87261d40 ","9","0","9","517976","16575232","0","32","0","0","-","-","-","0","0","0","0","0","0","0","0","-","0","0","0","0","0","0","0","0","0","0","0","0","0","0","0","0","0","0","2","1","0","0","0","6","0","0","0","0","0","0","0","0","0","0","0","0","0","0","0","0","0","0"
"0x7efd872609b0","      IMAD.MOV.U32 R7, RZ, RZ, R12 ","4","2","4","517976","16575232","16575232","32","32","0","-","-","-","0","0","0","0","0","0","0","0","-","0","0","0","0","0","0","0","0","0","0","0","0","0","1","0","0","0","0","0","1","0","0","0","2","0","0","0","0","0","0","0","0","0","0","0","0","0","0","0","0","0","2"
"0x7efd872609c0","      IMAD.MOV.U32 R40, RZ, RZ, R24 ","2","0","2","517976","16575232","16575232","32","32","0","-","-","-","0","0","0","0","0","0","0","0","-","0","0","0","0","0","0","0","0","0","0","0","0","0","1","0","0","0","0","0","1","0","0","0","0","0","0","0","0","0","0","0","0","0","0","0","0","0","0","0","0","0","0"
"0x7efd872609d0","      IMAD.MOV.U32 R41, RZ, RZ, R25 ","1","0","1","517976","16575232","16575232","32","32","0","-","-","-","0","0","0","0","0","0","0","0","-","0","0","0","0","0","0","0","0","0","0","0","0","0","0","0","0","0","0","0","0","0","0","0","1","0","0","0","0","0","0","0","0","0","0","0","0","0","0","0","0","0","0"
"0x7efd872609e0","      IMAD.MOV.U32 R38, RZ, RZ, R26 ","1","0","1","517976","16575232","16575232","32","32","0","-","-","-","0","0","0","0","0","0","0","0","-","0","0","0","0","0","0","0","0","0","0","0","0","0","0","0","0","0","0","0","0","0","0","0","1","0","0","0","0","0","0","0","0","0","0","0","0","0","0","0","0","0","0"
"0x7efd872609f0","      IMAD.MOV.U32 R39, RZ, RZ, R27 ","4","0","4","517976","16575232","16575232","32","32","0","-","-","-","0","0","0","0","0","0","0","0","-","0","0","0","0","0","0","0","0","0","0","0","0","0","0","0","0","0","0","0","2","0","0","0","2","0","0","0","0","0","0","0","0","0","0","0","0","0","0","0","0","0","0"
"0x7efd87260a00","      IMAD.MOV.U32 R36, RZ, RZ, R22 ","2","0","2","517976","16575232","16575232","32","32","0","-","-","-","0","0","0","0","0","0","0","0","-","0","0","0","0","0","0","0","0","0","0","0","0","0","0","0","0","0","0","1","0","0","0","0","1","0","0","0","0","0","0","0","0","0","0","0","0","0","0","0","0","0","0"
"0x7efd87260a10","      IMAD.MOV.U32 R37, RZ, RZ, R23 ","7","1","7","517976","16575232","16575232","32","32","0","-","-","-","0","0","0","0","0","0","0","0","-","0","0","0","0","0","0","0","0","1","0","0","0","0","1","0","0","0","0","3","2","0","0","0","0","0","0","1","0","0","0","0","0","0","0","0","0","0","0","0","0","0","0"
"0x7efd87260a20","      LDS.128 R12, [RZ] ","2014","333","2014","701677915","22453693280","22453693280","32","32","0","Shared","Load","128","0","2","0","1403355830","1403355830","0","0","0","-","0","0","0","0","0","0","0","769","86","0","0","0","0","0","0","3","0","1037","119","0","0","0","0","0","0","152","4","0","0","0","0","0","0","0","0","177","0","0","0","0","0","0"
"0x7efd87260a30","      IMAD.MOV.U32 R34, RZ, RZ, R18 ","346","5","346","701677915","22453693280","22453693280","32","32","0","-","-","-","0","0","0","0","0","0","0","0","-","0","0","0","0","0","0","0","0","52","0","0","0","0","10","0","0","0","51","11","222","0","0","0","0","0","0","1","0","0","0","0","1","0","0","0","3","0","0","0","0","0","0"
"0x7efd87260a40","      IMAD.MOV.U32 R35, RZ, RZ, R43 ","835","18","835","701677915","22453693280","22453693280","32","32","0","-","-","-","0","0","0","0","0","0","0","0","-","0","0","0","0","0","0","0","0","67","0","0","0","0","67","0","0","0","12","92","282","0","0","0","315","0","0","0","0","0","0","0","3","0","0","0","0","0","0","0","0","0","15"
"0x7efd87260a50","      IMAD.MOV.U32 R32, RZ, RZ, R7 ","717","18","717","701677915","22453693280","22453693280","32","32","0","-","-","-","0","0","0","0","0","0","0","0","-","0","0","0","0","0","0","0","0","18","0","0","0","0","36","0","0","0","0","64","255","0","0","0","344","0","0","1","0","0","0","0","4","0","0","0","0","0","0","0","0","0","13"
"0x7efd87260a60","      IMAD.MOV.U32 R33, RZ, RZ, R16 ","622","15","622","701677915","22453693280","22453693280","32","32","0","-","-","-","0","0","0","0","0","0","0","0","-","0","0","0","0","0","0","0","0","10","0","0","0","0","32","0","0","0","2","54","246","0","0","0","278","0","0","0","0","0","0","0","1","0","0","0","0","0","0","0","0","0","14"
"0x7efd87260a70","      IMAD.MOV.U32 R30, RZ, RZ, R8 ","643","11","643","701677915","22453693280","22453693280","32","32","0","-","-","-","0","0","0","0","0","0","0","0","-","0","0","0","0","0","0","0","0","8","0","0","0","0","27","0","0","0","0","83","254","0","0","0","271","0","0","1","0","0","0","0","1","0","0","0","0","0","0","0","0","0","9"
"0x7efd87260a80","      IMAD.MOV.U32 R31, RZ, RZ, R19 ","666","13","666","701677915","22453693280","22453693280","32","32","0","-","-","-","0","0","0","0","0","0","0","0","-","0","0","0","0","0","0","0","0","13","0","0","0","0","42","0","0","0","1","81","272","0","0","0","257","0","0","0","0","0","0","0","1","0","0","0","0","0","0","0","0","0","12"
"0x7efd87260a90","      IADD3 R17, R13, 0x1, RZ ","7329","653","7329","701677915","22453693280","22453693280","32","32","0","-","-","-","0","0","0","0","0","0","0","0","-","0","0","0","0","0","0","0","0","453","0","0","0","0","1015","0","0","0","1","1316","267","4277","0","0","0","0","0","17","0","0","0","0","179","0","0","0","0","0","0","457","0","0","0"
"0x7efd87260aa0","      IADD3 R13, R17, 0x1, -R12 ","3588","319","3588","701677915","22453693280","22453693280","32","32","0","-","-","-","0","0","0","0","0","0","0","0","-","0","0","0","0","0","0","0","0","391","0","0","0","0","841","0","0","0","0","1063","288","0","0","0","1005","0","0","16","0","0","0","0","175","0","0","0","0","0","0","0","0","0","128"
"0x7efd87260ab0","      ISETP.GT.AND P0, PT, R13, 0x7ff, PT ","3379","341","3379","701677915","22453693280","22453693280","32","32","0","-","-","-","0","0","0","0","0","0","0","0","-","0","0","0","0","0","0","0","0","363","0","0","0","0","790","0","0","0","0","1062","256","0","0","0","908","0","0","29","0","0","0","0","178","0","0","0","0","0","0","0","0","0","134"
"0x7efd87260ac0","@P0   BRA 0x7efd87261cd0 ","4780","630","4780","701677915","22453693280","0","32","0","0","-","-","-","0","0","0","0","0","0","0","0","-","0","0","0","0","0","0","0","0","202","0","0","0","0","0","0","0","0","0","469","268","0","0","0","3841","0","0","4","0","0","0","0","0","0","0","0","0","0","0","0","0","0","626"
"0x7efd87260ad0","      LDS R7, [0x30] ","1652","148","1652","701677915","22453693280","22453693280","32","32","0","Shared","Load","32","0","1","0","701677915","701677915","0","0","0","-","0","0","0","0","0","0","0","0","11","0","0","0","0","0","0","7","0","0","130","282","0","0","0","1222","0","0","0","0","0","0","0","0","0","0","0","0","0","0","0","0","0","148"
"0x7efd87260ae0","      IADD3 R13, R2, -0x1, R12 ","308","0","308","701677915","22453693280","22453693280","32","32","0","-","-","-","0","0","0","0","0","0","0","0","-","0","0","0","0","0","0","0","0","48","0","0","0","0","0","0","0","0","0","0","260","0","0","0","0","0","0","0","0","0","0","0","0","0","0","0","0","0","0","0","0","0","0"
"0x7efd87260af0","      BSSY B2, 0x7efd87261330 ","292","0","292","701677915","22453693280","22453693280","32","32","0","-","-","-","0","0","0","0","0","0","0","0","-","0","0","0","0","0","0","0","0","59","0","0","0","0","0","0","0","0","0","0","233","0","0","0","0","0","0","0","0","0","0","0","0","0","0","0","0","0","0","0","0","0","0"
"0x7efd87260b00","      ISETP.GT.AND P0, PT, R13, R17, PT ","1233","53","1233","701677915","22453693280","22453693280","32","32","0","-","-","-","0","0","0","0","0","0","0","0","-","0","0","0","0","0","0","0","0","21","0","0","0","0","171","0","0","0","0","170","266","0","0","0","605","0","0","2","0","0","0","0","34","0","0","0","0","0","0","0","0","0","17"
"0x7efd87260b10","@P0   BRA 0x7efd87261320 ","4758","497","4758","701677915","22453693280","6554619267","32","9","482815191","-","-","-","0","0","0","0","0","0","0","0","-","0","0","0","0","0","0","0","0","223","0","0","0","0","0","0","0","0","0","624","267","0","0","0","3644","0","0","3","0","0","0","0","0","0","0","0","0","0","0","0","0","0","494"
"0x7efd87260b20","      LDS R8, [0x10] ","2546","285","2546","701677915","15899074013","15899074013","22","22","0","Shared","Load","32","0","1","0","701677915","701677915","0","0","0","-","0","0","0","0","0","0","0","594","91","0","0","0","0","0","0","6","0","308","133","254","0","0","0","1160","0","92","2","0","0","0","0","0","0","0","0","39","0","0","0","0","0","152"
"0x7efd87260b30","      IADD3 R45, R13, -0x1, RZ ","9986","1327","9986","960119048","19713086505","19713086505","20","20","0","-","-","-","0","0","0","0","0","0","0","0","-","0","0","0","0","0","0","0","389","217","0","0","0","972","471","0","0","0","582","358","271","6398","0","0","328","0","57","13","0","0","0","169","82","0","0","0","96","0","0","898","0","0","12"
"0x7efd87260b40","      IMAD.MOV.U32 R53, RZ, RZ, -0x1 ","421","0","421","960119048","19713086505","19713086505","20","20","0","-","-","-","0","0","0","0","0","0","0","0","-","0","0","0","0","0","0","0","0","68","0","0","0","0","2","0","0","0","1","0","350","0","0","0","0","0","0","0","0","0","0","0","0","0","0","0","0","0","0","0","0","0","0"
"0x7efd87260b50","      ISETP.GE.AND P0, PT, R8, R13, PT ","509","2","509","960119048","19713086505","19713086505","20","20","0","-","-","-","0","0","0","0","0","0","0","0","-","0","0","0","0","0","0","0","0","132","0","0","0","0","5","0","0","0","5","5","362","0","0","0","0","0","0","0","0","0","0","0","2","0","0","0","0","0","0","0","0","0","0"
"0x7efd87260b60","      ISETP.GE.AND P2, PT, R8, R45, PT ","1394","65","1394","960119048","19713086505","19713086505","20","20","0","-","-","-","0","0","0","0","0","0","0","0","-","0","0","0","0","0","0","0","0","189","0","0","0","0","142","0","0","0","1","221","396","0","0","0","445","0","0","1","0","0","0","0","23","0","0","0","0","0","0","0","0","0","41"
"0x7efd87260b70","      IMAD.IADD R45, R45, 0x1, -R14 ","408","0","408","960119048","19713086505","19713086505","20","20","0","-","-","-","0","0","0","0","0","0","0","0","-","0","0","0","0","0","0","0","0","11","0","0","0","0","1","0","0","0","0","0","396","0","0","0","0","0","0","0","0","0","0","0","0","0","0","0","0","0","0","0","0","0","0"
"0x7efd87260b80","      ISETP.GT.OR P0, PT, R15, R13, !P0 ","455","1","455","960119048","19713086505","19713086505","20","20","0","-","-","-","0","0","0","0","0","0","0","0","-","0","0","0","0","0","0","0","0","33","0","0","0","0","2","0","0","0","3","1","416","0","0","0","0","0","0","0","0","0","0","0","1","0","0","0","0","0","0","0","0","0","0"
"0x7efd87260b90","      ISETP.GE.OR P2, PT, R15, R13, !P2 ","1337","64","1337","960119048","19713086505","19713086505","20","20","0","-","-","-","0","0","0","0","0","0","0","0","-","0","0","0","0","0","0","0","0","190","0","0","0","0","135","0","0","0","0","182","414","0","0","0","416","0","0","3","0","0","0","0","21","0","0","0","0","0","0","0","0","0","40"
"0x7efd87260ba0","      IMAD.WIDE R50, R45, 0x4, R40 ","504","0","504","960119048","19713086505","19713086505","20","20","0","-","-","-","0","0","0","0","0","0","0","0","-","0","0","0","0","0","0","0","0","80","0","0","0","0","2","0","0","0","1","0","421","0","0","0","0","0","0","0","0","0","0","0","0","0","0","0","0","0","0","0","0","0","0"
"0x7efd87260bb0","      ISETP.GT.AND P1, PT, R8, R13, PT ","491","3","491","960119048","19713086505","19713086505","20","20","0","-","-","-","0","0","0","0","0","0","0","0","-","0","0","0","0","0","0","0","0","81","0","0","0","0","3","0","0","0","0","0","407","0","0","0","0","0","0","0","0","0","0","0","3","0","0","0","0","0","0","0","0","0","0"
"0x7efd87260bc0","      IADD3 R16, R13, 0x1, RZ ","9237","1082","9237","960119048","19713086505","19713086505","20","20","0","-","-","-","0","0","0","0","0","0","0","0","-","0","0","0","0","0","0","0","0","1925","0","0","0","0","2799","0","0","0","0","3454","409","0","0","0","650","0","0","248","0","0","0","0","792","0","0","0","0","0","0","0","0","0","42"
"0x7efd87260bd0","      ISETP.LE.AND P1, PT, R15, R16, P1 ","5219","600","5219","960119048","19713086505","19713086505","20","20","0","-","-","-","0","0","0","0","0","0","0","0","-","0","0","0","0","0","0","0","0","563","0","0","0","0","1190","0","0","0","0","1576","408","0","0","0","1482","0","0","32","0","0","0","0","292","0","0","0","0","0","0","0","0","0","276"
"0x7efd87260be0","      IMAD.MOV.U32 R16, RZ, RZ, -0x1 ","403","0","403","960119048","19713086505","19713086505","20","20","0","-","-","-","0","0","0","0","0","0","0","0","-","0","0","0","0","0","0","0","0","35","0","0","0","0","0","0","0","0","0","0","368","0","0","0","0","0","0","0","0","0","0","0","0","0","0","0","0","0","0","0","0","0","0"
"0x7efd87260bf0","@!P2  LDG.E R53, [R50.64] ","3077","124","3077","960119048","19713086505","18309730675","20","19","0","Global","Load","32","459485754","0","0","0","0","239577649","2920022326","2680444677","","0","0","0","0","0","0","0","0","241","0","0","16","0","0","0","12","0","0","972","396","0","0","0","1440","0","0","1","0","0","4","0","0","0","6","0","0","0","0","0","0","0","113"
"0x7efd87260c00","@!P0  LDG.E R16, [R50.64+0x4] ","2195","160","2195","960119048","19713086505","18309730675","20","19","0","Global","Load","32","391692603","0","0","0","0","224054380","2867548530","2643494150","","0","0","0","0","0","0","0","0","128","0","0","27","0","0","0","17","0","0","232","420","0","0","0","1371","0","0","7","0","0","6","0","0","0","6","0","0","0","0","0","0","0","141"
"0x7efd87260c10","      IADD3 R47, -R14, 0x1, R13 ","415","0","415","960119048","19713086505","19713086505","20","20","0","-","-","-","0","0","0","0","0","0","0","0","-","0","0","0","0","0","0","0","0","21","0","0","0","0","0","0","0","0","0","0","394","0","0","0","0","0","0","0","0","0","0","0","0","0","0","0","0","0","0","0","0","0","0"
"0x7efd87260c20","      IMAD.MOV.U32 R52, RZ, RZ, -0x1 ","445","0","445","960119048","19713086505","19713086505","20","20","0","-","-","-","0","0","0","0","0","0","0","0","-","0","0","0","0","0","0","0","0","84","0","0","0","0","0","0","0","0","0","0","361","0","0","0","0","0","0","0","0","0","0","0","0","0","0","0","0","0","0","0","0","0","0"
"0x7efd87260c30","@P1   IMAD.WIDE R18, R47, 0x4, R40 ","3084","91","3084","960119048","19713086505","18309730675","20","19","0","-","-","-","0","0","0","0","0","0","0","0","-","0","0","0","0","0","0","0","0","147","0","0","0","0","394","0","0","0","0","797","402","0","0","0","1344","0","0","5","0","0","0","0","20","0","0","0","0","0","0","0","0","0","66"
"0x7efd87260c40","      BSSY B1, 0x7efd87260f20 ","437","0","437","960119048","19713086505","19713086505","20","20","0","-","-","-","0","0","0","0","0","0","0","0","-","0","0","0","0","0","0","0","0","56","0","0","0","0","0","0","0","0","0","0","381","0","0","0","0","0","0","0","0","0","0","0","0","0","0","0","0","0","0","0","0","0","0"
"0x7efd87260c50","      IMAD.WIDE R42, R47, 0x8, R38 ","2260","64","2260","960119048","19713086505","19713086505","20","20","0","-","-","-","0","0","0","0","0","0","0","0","-","0","0","0","0","0","0","0","0","462","0","0","0","0","215","0","0","0","0","235","393","0","0","0","955","0","0","8","0","0","0","0","3","0","0","0","0","0","0","0","0","0","53"
"0x7efd87260c60","@P1   LDG.E R52, [R18.64] ","993","3","993","960119048","19713086505","18309730675","20","19","0","Global","Load","32","1024079978","0","0","0","0","144968352","2762916832","2617948480","","0","0","0","0","0","0","0","0","597","0","0","2","0","0","0","10","0","0","6","378","0","0","0","0","0","0","1","0","0","0","0","0","0","2","0","0","0","0","0","0","0","0"
"0x7efd87260c70","      IMAD.MOV.U32 R48, RZ, RZ, -0x1 ","2036","51","2036","960119048","19713086505","19713086505","20","20","0","-","-","-","0","0","0","0","0","0","0","0","-","0","0","0","0","0","0","0","0","309","0","0","0","0","221","0","0","0","0","180","399","0","0","0","927","0","0","4","0","0","0","0","0","0","0","0","0","0","0","0","0","0","47"
"0x7efd87260c80","      IMAD.MOV.U32 R49, RZ, RZ, 0xfffffff ","1532","6","1532","960119048","19713086505","19713086505","20","20","0","-","-","-","0","0","0","0","0","0","0","0","-","0","0","0","0","0","0","0","0","51","0","0","0","0","65","0","0","0","0","113","386","0","0","0","917","0","0","1","0","0","0","0","1","0","0","0","0","0","0","0","0","0","4"
"0x7efd87260c90","      IMAD.WIDE R18, R47, 0x4, R36 ","3951","187","3951","960119048","19713086505","19713086505","20","20","0","-","-","-","0","0","0","0","0","0","0","0","-","0","0","0","0","0","0","0","0","278","0","0","0","1110","558","0","0","0","0","1131","402","0","0","0","472","0","0","6","0","0","0","160","20","0","0","0","0","0","0","0","0","0","1"
"0x7efd87260ca0","      IMAD.WIDE R46, R45, 0x8, R38 ","4320","193","4320","960119048","19713086505","19713086505","20","20","0","-","-","-","0","0","0","0","0","0","0","0","-","0","0","0","0","0","0","0","0","800","0","0","0","0","617","0","0","0","0","1078","369","0","0","0","1456","0","0","11","0","0","0","0","29","0","0","0","0","0","0","0","0","0","153"
"0x7efd87260cb0","      IMAD.WIDE R44, R45, 0x4, R36 ","4544","160","4544","960119048","19713086505","19713086505","20","20","0","-","-","-","0","0","0","0","0","0","0","0","-","0","0","0","0","0","0","0","0","692","0","0","0","0","611","0","0","0","0","1054","402","0","0","0","1785","0","0","8","0","0","0","0","20","0","0","0","0","0","0","0","0","0","132"
"0x7efd87260cc0","      ISETP.GE.AND P4, PT, R16, R53, PT ","1390","80","1390","960119048","19713086505","19713086505","20","20","0","-","-","-","0","0","0","0","0","0","0","0","-","0","0","0","0","0","0","0","0","451","0","0","0","463","48","0","0","0","0","58","370","0","0","0","0","0","0","3","0","0","0","67","10","0","0","0","0","0","0","0","0","0","0"
"0x7efd87260cd0","@!P4  BRA 0x7efd87260e20 ","8520","824","8520","960119048","19713086505","9503306303","20","9","875718341","-","-","-","0","0","0","0","0","0","0","0","-","0","0","0","0","0","0","0","0","397","0","0","0","0","0","0","0","0","0","1098","379","0","0","0","6646","0","0","3","0","0","0","0","0","0","0","0","0","0","0","0","0","0","821"
"0x7efd87260ce0","      ISETP.GE.AND P2, PT, R16, R52, PT ","5857","673","5857","875761204","10209780202","10209780202","11","11","0","-","-","-","0","0","0","0","0","0","0","0","-","0","0","0","0","0","0","0","1276","170","0","0","0","586","358","0","0","0","909","287","401","0","0","0","1870","0","166","13","0","0","0","96","55","0","0","0","126","0","0","0","0","0","217"
"0x7efd87260cf0","@!P2  BRA 0x7efd87260d90 ","7364","786","7364","875761204","10209780202","7515155161","11","8","805920018","-","-","-","0","0","0","0","0","0","0","0","-","0","0","0","0","0","0","0","0","381","0","0","0","0","0","0","0","0","0","1101","405","0","0","0","5477","0","0","5","0","0","0","0","0","0","0","0","0","0","0","0","0","0","781"
"0x7efd87260d00","      BSSY B3, 0x7efd87260d40 ","3864","435","3864","875727969","2694625041","2694625041","3","3","0","-","-","-","0","0","0","0","0","0","0","0","-","0","0","0","0","0","0","0","1128","134","0","0","0","0","0","0","0","0","200","201","388","0","0","0","1813","0","179","5","0","0","0","0","0","0","0","0","25","0","0","0","0","0","226"
"0x7efd87260d10","@P0   BRA 0x7efd87260d30 ","442","1","442","875727969","2694625041","0","3","0","0","-","-","-","0","0","0","0","0","0","0","0","-","0","0","0","0","0","0","0","0","56","0","0","0","0","0","0","0","0","5","2","379","0","0","0","0","0","0","0","0","0","0","0","0","0","0","0","1","0","0","0","0","0","0"
"0x7efd87260d20","      LDG.E.64 R48, [R46.64+0x8] ","2409","135","2409","875727969","2694625041","2694625041","3","3","0","Global","Load","64","1304710609","0","0","0","0","1329823969","2424634632","1094810663","","0","0","0","0","0","0","0","0","29","0","0","1","0","0","0","2","0","0","199","399","0","0","0","1779","0","0","0","0","0","0","0","0","0","0","0","0","0","0","0","0","0","135"
"0x7efd87260d30","      BSYNC B3 ","1051","16","1051","875727969","2694625041","2694625041","3","3","0","-","-","-","0","0","0","0","0","0","0","0","-","0","0","0","0","0","0","0","0","116","0","0","0","0","0","0","2","0","0","149","366","0","0","0","418","0","0","0","0","0","0","0","0","0","1","0","0","0","0","0","0","0","15"
"0x7efd87260d40","      IADD3 R52, R16, 0x2, RZ ","6666","856","6666","875727969","2694625041","2694625041","3","3","0","-","-","-","0","0","0","0","0","0","0","0","-","0","0","0","0","0","0","0","3699","194","0","0","0","0","387","0","0","0","0","288","380","0","0","0","1718","0","622","15","0","0","0","0","85","0","0","0","0","0","0","0","0","0","134"
"0x7efd87260d50","      IMAD.MOV.U32 R46, RZ, RZ, 0x3c ","531","8","531","875727969","2694625041","2694625041","3","3","0","-","-","-","0","0","0","0","0","0","0","0","-","0","0","0","0","0","0","0","0","84","0","0","0","41","10","0","0","0","0","29","367","0","0","0","0","0","0","1","0","0","0","7","0","0","0","0","0","0","0","0","0","0","0"
"0x7efd87260d60","@P0   BRA 0x7efd87260f10 ","492","0","492","875727969","2694625041","0","3","0","0","-","-","-","0","0","0","0","0","0","0","0","-","0","0","0","0","0","0","0","0","123","0","0","0","0","0","0","0","0","0","0","369","0","0","0","0","0","0","0","0","0","0","0","0","0","0","0","0","0","0","0","0","0","0"
"0x7efd87260d70","      LDG.E R46, [R44.64+0x4] ","2280","99","2280","875727969","2694625041","2694625041","3","3","0","Global","Load","32","906887158","0","0","0","0","1001559000","1887990400","886431400","","0","0","0","0","0","0","0","0","35","0","0","0","0","0","0","3","0","0","153","367","0","0","0","1722","0","0","0","0","0","0","0","0","0","0","0","0","0","0","0","0","0","99"
"0x7efd87260d80","      BRA 0x7efd87260f10 ","438","0","438","875727969","2694625041","2694625041","3","3","0","-","-","-","0","0","0","0","0","0","0","0","-","0","0","0","0","0","0","0","0","54","0","0","0","0","0","0","0","0","0","0","384","0","0","0","0","0","0","0","0","0","0","0","0","0","0","0","0","0","0","0","0","0","0"
"0x7efd87260d90","      BSSY B3, 0x7efd87260dd0 ","5009","506","5009","805953253","7515155161","7515155161","9","9","0","-","-","-","0","0","0","0","0","0","0","0","-","0","0","0","0","0","0","0","1004","139","0","0","0","0","0","0","0","0","1556","177","408","0","0","0","1725","0","144","14","0","0","0","0","0","0","0","0","247","0","0","0","0","0","101"
"0x7efd87260da0","@!P1  BRA 0x7efd87260dc0 ","523","3","523","805953253","7515155161","0","9","0","0","-","-","-","0","0","0","0","0","0","0","0","-","0","0","0","0","0","0","0","0","87","0","0","0","0","0","0","0","0","52","15","369","0","0","0","0","0","0","0","0","0","0","0","0","0","0","0","3","0","0","0","0","0","0"
"0x7efd87260db0","      LDG.E.64 R48, [R42.64] ","2190","107","2190","805953253","7515155161","7515155161","9","9","0","Global","Load","64","1104795330","0","0","0","0","667551011","2867812459","2200261448","","0","0","0","0","0","0","0","0","31","0","0","4","0","0","0","3","0","0","167","298","0","0","0","1687","0","0","0","0","0","2","0","0","0","3","0","0","0","0","0","0","0","102"
"0x7efd87260dc0","      BSYNC B3 ","1023","6","1023","805953253","7515155161","7515155161","9","9","0","-","-","-","0","0","0","0","0","0","0","0","-","0","0","0","0","0","0","0","0","114","0","0","0","0","0","0","1","0","0","141","346","0","0","0","421","0","0","1","0","0","0","0","0","0","0","0","0","0","0","0","0","0","5"
"0x7efd87260dd0","      IADD3 R52, R52, 0x1, RZ ","6147","722","6147","805953253","7515155161","7515155161","9","9","0","-","-","-","0","0","0","0","0","0","0","0","-","0","0","0","0","0","0","0","3337","170","0","0","0","0","387","0","0","0","0","299","345","0","0","0","1609","0","512","11","0","0","0","0","78","0","0","0","0","0","0","0","0","0","121"
"0x7efd87260de0","      IMAD.MOV.U32 R46, RZ, RZ, 0x3c ","425","0","425","805953253","7515155161","7515155161","9","9","0","-","-","-","0","0","0","0","0","0","0","0","-","0","0","0","0","0","0","0","0","65","0","0","0","0","0","0","0","0","0","0","360","0","0","0","0","0","0","0","0","0","0","0","0","0","0","0","0","0","0","0","0","0","0"
"0x7efd87260df0","@!P1  BRA 0x7efd87260f10 ","425","0","425","805953253","7515155161","0","9","0","0","-","-","-","0","0","0","0","0","0","0","0","-","0","0","0","0","0","0","0","0","99","0","0","0","0","0","0","0","0","0","0","326","0","0","0","0","0","0","0","0","0","0","0","0","0","0","0","0","0","0","0","0","0","0"
"0x7efd87260e00","      LDG.E R46, [R18.64] ","2155","84","2155","805953253","7515155161","7515155161","9","9","0","Global","Load","32","822082371","0","0","0","0","437098152","1755505540","1318407388","","0","0","0","0","0","0","0","0","23","0","0","4","0","0","0","4","0","0","151","337","0","0","0","1636","0","0","0","0","0","0","0","0","0","1","0","0","0","0","0","0","0","83"
"0x7efd87260e10","      BRA 0x7efd87260f10 ","390","0","390","805953253","7515155161","7515155161","9","9","0","-","-","-","0","0","0","0","0","0","0","0","-","0","0","0","0","0","0","0","0","50","0","0","0","0","0","0","0","0","0","0","340","0","0","0","0","0","0","0","0","0","0","0","0","0","0","0","0","0","0","0","0","0","0"
"0x7efd87260e20","      ISETP.GE.AND P0, PT, R53, R52, PT ","7050","879","7050","960076185","9503306303","9503306303","9","9","0","-","-","-","0","0","0","0","0","0","0","0","-","0","0","0","0","0","0","0","1242","184","0","0","0","1365","427","0","0","0","1676","255","353","0","0","0","1548","0","202","16","0","0","0","225","101","0","0","0","261","0","0","0","0","0","74"
"0x7efd87260e30","@!P0  BRA 0x7efd87260ed0 ","7710","788","7710","960076185","9503306303","676901498","9","0","410904377","-","-","-","0","0","0","0","0","0","0","0","-","0","0","0","0","0","0","0","0","413","0","0","0","0","0","0","0","0","0","1102","360","0","0","0","5835","0","0","8","0","0","0","0","0","0","0","0","0","0","0","0","0","0","780"
"0x7efd87260e40","      BSSY B3, 0x7efd87260e80 ","3910","482","3910","959922656","8826404805","8826404805","9","9","0","-","-","-","0","0","0","0","0","0","0","0","-","0","0","0","0","0","0","0","582","96","0","0","0","0","0","0","0","0","767","205","394","0","0","0","1866","0","81","3","0","0","0","0","0","0","0","0","145","0","0","0","0","0","253"
"0x7efd87260e50","@P2   BRA 0x7efd87260e70 ","516","5","516","959922656","8826404805","0","9","0","0","-","-","-","0","0","0","0","0","0","0","0","-","0","0","0","0","0","0","0","0","72","0","0","0","0","0","0","0","0","23","5","416","0","0","0","0","0","0","0","0","0","0","0","0","0","0","0","5","0","0","0","0","0","0"
"0x7efd87260e60","      LDG.E.64 R48, [R46.64] ","2524","121","2524","959922656","8826404805","8826404805","9","9","0","Global","Load","64","1658452711","0","0","0","0","1071576350","3650859964","2579283614","","0","0","0","0","0","0","0","0","34","0","0","3","0","0","0","8","0","0","193","418","0","0","0","1868","0","0","0","0","0","0","0","0","0","1","0","0","0","0","0","0","0","120"
"0x7efd87260e70","      BSYNC B3 ","1140","9","1140","959922656","8826404805","8826404805","9","9","0","-","-","-","0","0","0","0","0","0","0","0","-","0","0","0","0","0","0","0","0","123","0","0","0","0","0","0","0","0","0","157","403","0","0","0","457","0","0","0","0","0","0","0","0","0","0","0","0","0","0","0","0","0","9"
"0x7efd87260e80","      IADD3 R52, R53, 0x1, RZ ","7077","918","7077","959922656","8826404805","8826404805","9","9","0","-","-","-","0","0","0","0","0","0","0","0","-","0","0","0","0","0","0","0","3916","225","0","0","0","0","412","0","0","0","0","298","428","0","0","0","1798","0","655","22","0","0","0","0","90","0","0","0","0","0","0","0","0","0","151"
"0x7efd87260e90","      IMAD.MOV.U32 R46, RZ, RZ, 0x3c ","556","8","556","959922656","8826404805","8826404805","9","9","0","-","-","-","0","0","0","0","0","0","0","0","-","0","0","0","0","0","0","0","0","72","0","0","0","47","16","0","0","0","0","24","397","0","0","0","0","0","0","0","0","0","0","7","1","0","0","0","0","0","0","0","0","0","0"
"0x7efd87260ea0","@P2   BRA 0x7efd87260f10 ","482","0","482","959922656","8826404805","0","9","0","0","-","-","-","0","0","0","0","0","0","0","0","-","0","0","0","0","0","0","0","0","110","0","0","0","0","0","0","0","0","0","0","372","0","0","0","0","0","0","0","0","0","0","0","0","0","0","0","0","0","0","0","0","0","0"
"0x7efd87260eb0","      LDG.E R46, [R44.64] ","2398","118","2398","959922656","8826404805","8826404805","9","9","0","Global","Load","32","1136105449","0","0","0","0","864582543","2408371955","1543789412","","0","0","0","0","0","0","0","0","27","0","0","3","0","0","0","3","0","0","174","405","0","0","0","1786","0","0","0","0","0","1","0","0","0","1","0","0","0","0","0","0","0","116"
"0x7efd87260ec0","      BRA 0x7efd87260f10 ","450","0","450","959922656","8826404805","8826404805","9","9","0","-","-","-","0","0","0","0","0","0","0","0","-","0","0","0","0","0","0","0","0","62","0","0","0","0","0","0","0","0","0","0","388","0","0","0","0","0","0","0","0","0","0","0","0","0","0","0","0","0","0","0","0","0","0"
"0x7efd87260ed0","      IMAD.MOV.U32 R46, RZ, RZ, 0x3c ","3745","357","3745","411057906","676901498","676901498","1","1","0","-","-","-","0","0","0","0","0","0","0","0","-","0","0","0","0","0","0","0","515","51","0","0","0","0","101","0","0","0","775","91","398","0","0","0","1814","0","107","4","0","0","0","0","7","0","0","0","126","0","0","0","0","0","113"
"0x7efd87260ee0","@P1   LDG.E.64 R48, [R42.64] ","282","5","282","411057906","676901498","676901498","1","1","0","Global","Load","64","510408218","0","0","0","0","235737909","652125885","416387976","","0","0","0","0","0","0","0","0","46","0","0","3","0","0","0","2","0","25","9","197","0","0","0","0","0","0","1","0","0","0","0","0","0","0","0","4","0","0","0","0","0","0"
"0x7efd87260ef0","@P1   LDG.E R46, [R18.64] ","1205","66","1205","411057906","676901498","676901498","1","1","0","Global","Load","32","415567107","0","0","0","0","186969678","598052305","411082627","","0","0","0","0","0","0","0","0","26","0","0","13","0","0","0","9","0","0","110","176","0","0","0","871","0","0","0","0","0","2","0","0","0","1","0","0","0","0","0","0","0","63"
"0x7efd87260f00","      IADD3 R52, R52, 0x1, RZ ","268","1","268","411057906","676901498","676901498","1","1","0","-","-","-","0","0","0","0","0","0","0","0","-","0","0","0","0","0","0","0","0","39","0","0","0","0","5","0","0","0","19","5","200","0","0","0","0","0","0","0","0","0","0","0","0","0","0","0","1","0","0","0","0","0","0"
"0x7efd87260f10","      BSYNC B1 ","11368","1382","11368","3052661784","19713086505","19713086505","6","6","0","-","-","-","0","0","0","0","0","0","0","0","-","0","0","0","0","0","0","0","3287","914","0","0","0","0","0","0","0","0","4563","1927","222","0","0","0","455","0","608","20","0","0","0","0","0","0","0","0","731","0","0","0","0","0","23"
"0x7efd87260f20","      IMAD.IADD R52, R52, 0x1, R13 ","27880","3788","27880","960119048","19713086505","19713086505","20","20","0","-","-","-","0","0","0","0","0","0","0","0","-","0","0","0","0","0","0","0","19147","210","0","0","0","0","242","0","0","435","0","391","1506","0","0","0","5949","0","3033","19","0","0","0","0","14","0","0","67","0","0","0","0","0","0","655"
"0x7efd87260f30","      SHF.R.S32.HI R42, RZ, 0x1, R52 ","6607","520","6607","960119048","19713086505","19713086505","20","20","0","-","-","-","0","0","0","0","0","0","0","0","-","0","0","0","0","0","0","0","0","700","0","0","0","0","1517","0","0","0","0","2040","371","0","0","0","1979","0","0","29","0","0","0","0","322","0","0","0","0","0","0","0","0","0","169"
"0x7efd87260f40","      IMAD.IADD R18, R42, 0x1, -R13 ","4492","304","4492","960119048","19713086505","19713086505","20","20","0","-","-","-","0","0","0","0","0","0","0","0","-","0","0","0","0","0","0","0","0","336","0","0","0","0","639","0","0","0","0","1175","378","0","0","0","1964","0","0","10","0","0","0","0","32","0","0","0","0","0","0","0","0","0","262"
"0x7efd87260f50","      SHF.R.S32.HI R19, RZ, 0x1f, R18 ","5531","610","5531","960119048","19713086505","19713086505","20","20","0","-","-","-","0","0","0","0","0","0","0","0","-","0","0","0","0","0","0","0","0","401","0","0","0","0","1302","0","0","0","0","1560","390","0","0","0","1878","0","0","27","0","0","0","0","337","0","0","0","0","0","0","0","0","0","246"
"0x7efd87260f60","      IADD3 R18, P0, P1, R5, R10, R18 ","1317","176","1317","960119048","19713086505","19713086505","20","20","0","-","-","-","0","0","0","0","0","0","0","0","-","0","0","0","0","0","0","0","0","158","0","0","0","0","119","0","0","0","0","167","396","0","0","0","477","0","0","16","0","0","0","0","16","0","0","0","0","0","0","0","0","0","144"
"0x7efd87260f70","      IADD3.X R19, R6, R11, R19, P0, P1 ","5158","541","5158","960119048","19713086505","19713086505","20","20","0","-","-","-","0","0","0","0","0","0","0","0","-","0","0","0","0","0","0","0","0","508","0","0","0","0","1255","0","0","0","0","1610","403","0","0","0","1382","0","0","29","0","0","0","0","306","0","0","0","0","0","0","0","0","0","206"
"0x7efd87260f80","      LDG.E.U8 R18, [R18.64] ","3466","352","3466","960119048","19713086505","19713086505","20","20","0","Global","Load","8","1169567916","0","0","0","0","837805614","1797924662","960119048","","0","0","0","0","0","0","0","0","250","0","0","7","0","0","0","14","0","0","827","416","0","0","0","1952","0","0","2","0","0","0","0","0","0","2","0","0","0","0","0","0","0","348"
"0x7efd87260f90","      SHF.R.U32.HI R16, RZ, 0x1c, R49 ","1550","182","1550","960119048","19713086505","19713086505","20","20","0","-","-","-","0","0","0","0","0","0","0","0","-","0","0","0","0","0","0","0","0","87","0","0","0","1001","29","0","0","0","0","54","379","0","0","0","0","0","0","2","0","0","0","174","6","0","0","0","0","0","0","0","0","0","0"
"0x7efd87260fa0","      BSSY B1, 0x7efd87261210 ","450","0","450","960119048","19713086505","19713086505","20","20","0","-","-","-","0","0","0","0","0","0","0","0","-","0","0","0","0","0","0","0","0","57","0","0","0","0","0","0","0","0","0","0","393","0","0","0","0","0","0","0","0","0","0","0","0","0","0","0","0","0","0","0","0","0","0"
"0x7efd87260fb0","      IADD3 R51, R46, -0x1, RZ ","448","0","448","960119048","19713086505","19713086505","20","20","0","-","-","-","0","0","0","0","0","0","0","0","-","0","0","0","0","0","0","0","0","53","0","0","0","0","0","0","0","0","0","0","395","0","0","0","0","0","0","0","0","0","0","0","0","0","0","0","0","0","0","0","0","0","0"
"0x7efd87260fc0","      IMAD.MOV.U32 R53, RZ, RZ, 0x2 ","490","0","490","960119048","19713086505","19713086505","20","20","0","-","-","-","0","0","0","0","0","0","0","0","-","0","0","0","0","0","0","0","0","73","0","0","0","0","0","0","0","0","0","0","417","0","0","0","0","0","0","0","0","0","0","0","0","0","0","0","0","0","0","0","0","0","0"
"0x7efd87260fd0","      LOP3.LUT R16, R16, 0x1, RZ, 0xc0, !PT ","424","1","424","960119048","19713086505","19713086505","20","20","0","-","-","-","0","0","0","0","0","0","0","0","-","0","0","0","0","0","0","0","0","3","0","0","0","0","5","0","0","0","4","6","406","0","0","0","0","0","0","0","0","0","0","0","1","0","0","0","0","0","0","0","0","0","0"
"0x7efd87260fe0","      ISETP.NE.U32.AND P0, PT, R16, 0x1, PT ","5939","626","5939","960119048","19713086505","19713086505","20","20","0","-","-","-","0","0","0","0","0","0","0","0","-","0","0","0","0","0","0","0","0","473","0","0","0","0","1689","0","0","0","0","2160","408","0","0","0","1209","0","0","37","0","0","0","0","498","0","0","0","0","0","0","0","0","0","91"
"0x7efd87260ff0","      SHF.L.U64.HI R16, R48, 0x1, R49 ","1176","187","1176","960119048","19713086505","19713086505","20","20","0","-","-","-","0","0","0","0","0","0","0","0","-","0","0","0","0","0","0","0","0","103","0","0","0","0","121","0","0","0","0","141","380","0","0","0","431","0","0","10","0","0","0","0","32","0","0","0","0","0","0","0","0","0","145"
"0x7efd87261000","      IMAD.SHL.U32 R49, R48, 0x2, RZ ","428","0","428","960119048","19713086505","19713086505","20","20","0","-","-","-","0","0","0","0","0","0","0","0","-","0","0","0","0","0","0","0","0","30","0","0","0","0","0","0","0","0","0","0","398","0","0","0","0","0","0","0","0","0","0","0","0","0","0","0","0","0","0","0","0","0","0"
"0x7efd87261010","      ISETP.NE.U32.AND.EX P0, PT, RZ, RZ, PT, P0 ","519","0","519","960119048","19713086505","19713086505","20","20","0","-","-","-","0","0","0","0","0","0","0","0","-","0","0","0","0","0","0","0","0","106","0","0","0","0","0","0","0","0","0","0","413","0","0","0","0","0","0","0","0","0","0","0","0","0","0","0","0","0","0","0","0","0","0"
"0x7efd87261020","@P0   IMAD.MOV R51, RZ, RZ, R46 ","7068","885","7068","960119048","19713086505","5101359342","20","5","0","-","-","-","0","0","0","0","0","0","0","0","-","0","0","0","0","0","0","0","0","190","0","0","0","0","388","0","0","0","0","792","410","0","0","0","5288","0","0","11","0","0","0","0","18","0","0","0","0","0","0","0","0","0","856"
"0x7efd87261030","      ISETP.NE.AND P1, PT, R18, 0x4, PT ","6357","846","6357","960119048","19713086505","19713086505","20","20","0","-","-","-","0","0","0","0","0","0","0","0","-","0","0","0","0","0","0","0","0","227","0","0","0","4592","535","0","0","0","0","592","411","0","0","0","0","0","0","13","0","0","0","734","99","0","0","0","0","0","0","0","0","0","0"
"0x7efd87261040","@!P1  BRA 0x7efd87261200 ","7566","803","7566","960119048","19713086505","8","20","0","2","-","-","-","0","0","0","0","0","0","0","0","-","0","0","0","0","0","0","0","0","374","0","0","0","0","0","0","0","0","0","1097","412","0","0","0","5683","0","0","8","0","0","0","0","0","0","0","0","0","0","0","0","0","0","795"
"0x7efd87261050","      PRMT R43, R18, 0x7610, R43 ","3016","345","3016","960119048","19713086497","19713086497","20","20","0","-","-","-","0","0","0","0","0","0","0","0","-","0","0","0","0","0","0","0","0","94","0","0","0","0","318","0","0","0","0","318","377","0","0","0","1909","0","0","2","0","0","0","0","79","0","0","0","0","0","0","0","0","0","264"
"0x7efd87261060","      SHF.R.S32.HI R19, RZ, 0x1f, R42 ","34834","5115","34834","6869584699","30944916206","30944916206","4","4","0","-","-","-","0","0","0","0","0","0","0","0","-","0","0","0","0","0","0","0","9462","2128","0","0","0","0","4722","0","0","0","13054","4627","383","0","0","0","458","0","1587","141","0","0","0","0","1120","0","0","0","2178","0","0","0","0","0","89"
"0x7efd87261070","      IADD3 R18, P0, P1, R20, c[0x0][0x160], R42 ","11587","1118","11587","6869584699","30944916206","30944916206","4","4","0","-","-","-","0","0","0","0","0","0","0","0","-","0","0","0","0","0","0","0","0","1459","0","0","0","0","976","0","0","0","42","1519","3560","0","0","0","4031","0","0","79","0","0","0","0","137","0","0","0","3","0","0","0","0","0","899"
"0x7efd87261080","      IADD3.X R19, R21, c[0x0][0x164], R19, P0, P1 ","59398","6261","59398","6869584699","30944916206","30944916206","4","4","0","-","-","-","0","0","0","0","0","0","0","0","-","0","0","0","0","0","0","0","0","6501","0","0","0","0","16119","0","0","0","154","20461","3460","0","0","0","12703","0","0","391","0","0","0","0","4089","0","0","0","26","0","0","0","0","0","1755"
"0x7efd87261090","      LDG.E.U8 R18, [R18.64] ","33869","2762","33869","6869584699","30944916206","30944916206","4","4","0","Global","Load","8","7323450651","0","0","0","0","1808465846","8678050545","6869584699","","0","0","0","0","0","0","0","0","3673","0","0","140","0","0","0","150","0","0","9427","3655","0","0","0","16824","0","0","34","0","0","18","0","0","0","34","0","0","0","0","0","0","0","2676"
"0x7efd872610a0","      PRMT R43, R43, 0x9910, RZ ","4307","0","4307","6869584699","30944916206","30944916206","4","4","0","-","-","-","0","0","0","0","0","0","0","0","-","0","0","0","0","0","0","0","0","735","0","0","0","0","0","0","0","0","0","0","3572","0","0","0","0","0","0","0","0","0","0","0","0","0","0","0","0","0","0","0","0","0","0"
"0x7efd872610b0","      ISETP.NE.AND P0, PT, R43, R18, PT ","188212","27369","188212","6869584699","30944916206","30944916206","4","4","0","-","-","-","0","0","0","0","0","0","0","0","-","0","0","0","0","0","0","0","0","6486","0","0","0","132335","14813","0","0","0","0","18354","3523","0","0","0","12701","0","0","357","0","0","0","22077","3186","0","0","0","0","0","0","0","0","0","1749"
"0x7efd872610c0","@P0   BRA 0x7efd872611e0 ","67299","7317","67299","6869584699","30944916206","19713086477","4","2","2021327413","-","-","-","0","0","0","0","0","0","0","0","-","0","0","0","0","0","0","0","0","3286","0","0","0","0","0","0","2","0","0","8350","3545","0","0","0","52116","0","0","49","0","0","0","0","0","0","1","0","0","0","0","0","0","0","7267"
"0x7efd872610d0","      IADD3 R42, R42, 0x1, RZ ","29465","3710","29465","5909465659","11231829729","11231829729","1","1","0","-","-","-","0","0","0","0","0","0","0","0","-","0","0","0","0","0","0","0","2756","835","0","0","0","0","2653","0","0","0","502","2102","3579","0","0","0","17038","0","448","68","0","0","0","0","687","0","0","0","76","0","0","0","0","0","2431"
"0x7efd872610e0","      IMAD.IADD R18, R42, 0x1, -R13 ","30940","2261","30940","5909465659","11231829729","11231829729","1","1","0","-","-","-","0","0","0","0","0","0","0","0","-","0","0","0","0","0","0","0","0","1672","0","0","0","0","3673","0","0","0","0","7228","3181","0","0","0","15186","0","0","40","0","0","0","0","178","0","0","0","0","0","0","0","0","0","2043"
"0x7efd872610f0","      SHF.R.S32.HI R19, RZ, 0x1f, R18 ","49031","5374","49031","5909465659","11231829729","11231829729","1","1","0","-","-","-","0","0","0","0","0","0","0","0","-","0","0","0","0","0","0","0","0","4283","0","0","0","0","11957","0","0","0","0","14932","3106","0","0","0","14753","0","0","269","0","0","0","0","3054","0","0","0","0","0","0","0","0","0","2051"
"0x7efd87261100","      IADD3 R18, P0, P1, R5, R10, R18 ","10404","1266","10404","5909465659","11231829729","11231829729","1","1","0","-","-","-","0","0","0","0","0","0","0","0","-","0","0","0","0","0","0","0","0","1216","0","0","0","0","1018","0","0","0","0","1371","3108","0","0","0","3691","0","0","70","0","0","0","0","187","0","0","0","0","0","0","0","0","0","1009"
"0x7efd87261110","      IADD3.X R19, R6, R11, R19, P0, P1 ","43685","4726","43685","5909465659","11231829729","11231829729","1","1","0","-","-","-","0","0","0","0","0","0","0","0","-","0","0","0","0","0","0","0","0","4586","0","0","0","0","11105","0","0","0","0","13849","3161","0","0","0","10984","0","0","311","0","0","0","0","2835","0","0","0","0","0","0","0","0","0","1580"
"0x7efd87261120","      LDG.E.U8 R43, [R18.64] ","27495","2614","27495","5909465659","11231829729","11231829729","1","1","0","Global","Load","8","6125654081","0","0","0","0","860532404","6769998063","5909465659","","0","0","0","0","0","0","0","0","2158","0","0","95","0","0","0","133","0","0","6972","3164","0","0","0","14973","0","0","22","0","0","15","0","0","0","41","0","0","0","0","0","0","0","2536"
"0x7efd87261130","      LOP3.LUT P0, RZ, R16, 0x10000000, RZ, 0xc0, !PT ","3838","0","3838","5909465659","11231829729","11231829729","1","1","0","-","-","-","0","0","0","0","0","0","0","0","-","0","0","0","0","0","0","0","0","630","0","0","0","0","0","0","0","0","0","0","3208","0","0","0","0","0","0","0","0","0","0","0","0","0","0","0","0","0","0","0","0","0","0"
"0x7efd87261140","      IMAD.SHL.U32 R45, R49, 0x2, RZ ","3645","0","3645","5909465659","11231829729","11231829729","1","1","0","-","-","-","0","0","0","0","0","0","0","0","-","0","0","0","0","0","0","0","0","500","0","0","0","0","0","0","0","0","0","0","3145","0","0","0","0","0","0","0","0","0","0","0","0","0","0","0","0","0","0","0","0","0","0"
"0x7efd87261150","      IADD3 R44, R51, 0x1, RZ ","3575","0","3575","5909465659","11231829729","11231829729","1","1","0","-","-","-","0","0","0","0","0","0","0","0","-","0","0","0","0","0","0","0","0","377","0","0","0","0","0","0","0","0","0","0","3198","0","0","0","0","0","0","0","0","0","0","0","0","0","0","0","0","0","0","0","0","0","0"
"0x7efd87261160","      SHF.L.U64.HI R16, R49, 0x1, R16 ","12692","992","12692","5909465659","11231829729","11231829729","1","1","0","-","-","-","0","0","0","0","0","0","0","0","-","0","0","0","0","0","0","0","0","345","0","0","0","0","2392","0","0","0","0","2935","3207","0","0","0","3813","0","0","22","0","0","0","0","589","0","0","0","0","0","0","0","0","0","381"
"0x7efd87261170","      LOP3.LUT R49, R45, 0x1, RZ, 0xfc, !PT ","8983","1056","8983","5909465659","11231829729","11231829729","1","1","0","-","-","-","0","0","0","0","0","0","0","0","-","0","0","0","0","0","0","0","0","540","0","0","0","0","777","0","0","0","0","1147","3282","0","0","0","3237","0","0","43","0","0","0","0","255","0","0","0","0","0","0","0","0","0","758"
"0x7efd87261180","@P0   IMAD.MOV R44, RZ, RZ, R51 ","34242","3970","34242","5909465659","11231829729","9045879847","1","1","0","-","-","-","0","0","0","0","0","0","0","0","-","0","0","0","0","0","0","0","0","946","0","0","0","0","2346","0","0","0","0","5313","3194","0","0","0","22443","0","0","23","0","0","0","0","99","0","0","0","0","0","0","0","0","0","3848"
"0x7efd87261190","      IMAD.MOV.U32 R51, RZ, RZ, R44 ","22205","2024","22205","5909465659","11231829729","11231829729","1","1","0","-","-","-","0","0","0","0","0","0","0","0","-","0","0","0","0","0","0","0","0","807","0","0","0","0","2328","0","0","0","0","5214","3218","0","0","0","10638","0","0","24","0","0","0","0","142","0","0","0","0","0","0","0","0","0","1858"
"0x7efd872611a0","      ISETP.NE.AND P1, PT, R43, 0x4, PT ","83392","11593","83392","5909465659","11231829729","11231829729","1","1","0","-","-","-","0","0","0","0","0","0","0","0","-","0","0","0","0","0","0","0","0","4507","0","0","0","53167","10245","0","0","0","0","12282","3191","0","0","0","0","0","0","230","0","0","0","9049","2314","0","0","0","0","0","0","0","0","0","0"
"0x7efd872611b0","@P1   BRA 0x7efd87261060 ","60447","6138","60447","5909465659","11231829729","11231829709","1","1","8","-","-","-","0","0","0","0","0","0","0","0","-","0","0","0","0","0","0","0","0","3174","0","0","0","0","0","0","0","0","0","8428","3154","0","0","0","45691","0","0","38","0","0","0","0","0","0","0","0","0","0","0","0","0","0","6100"
"0x7efd872611c0","      IMAD.MOV.U32 R53, RZ, RZ, 0x2 ","18103","1961","18103","16","20","20","1","1","0","-","-","-","0","0","0","0","0","0","0","0","-","0","0","0","0","0","0","0","699","0","0","0","0","0","0","0","0","0","0","0","3178","0","0","0","14226","0","53","0","0","0","0","0","0","0","0","0","0","0","0","0","0","0","1908"
"0x7efd872611d0","      BRA 0x7efd87261200 ","0","0","0","16","20","20","1","1","0","-","-","-","0","0","0","0","0","0","0","0","-","0","0","0","0","0","0","0","0","0","0","0","0","0","0","0","0","0","0","0","0","0","0","0","0","0","0","0","0","0","0","0","0","0","0","0","0","0","0","0","0","0","0"
"0x7efd872611e0","      ISETP.NE.AND P0, PT, R18, 0x4, PT ","10678","1808","10678","2064846061","19713086477","19713086477","9","9","0","-","-","-","0","0","0","0","0","0","0","0","-","0","0","0","0","0","0","0","3445","464","0","0","0","0","1138","0","0","0","4839","792","0","0","0","0","0","0","609","34","0","0","0","0","284","0","0","0","881","0","0","0","0","0","0"
"0x7efd872611f0","      SEL R53, RZ, 0x1, P0 ","17888","1847","17888","2064846061","19713086477","19713086477","9","9","0","-","-","-","0","0","0","0","0","0","0","0","-","0","0","0","0","0","0","0","0","1912","0","0","0","0","4722","0","0","0","0","6110","1159","0","0","0","3985","0","0","118","0","0","0","0","1136","0","0","0","0","0","0","0","0","0","593"
"0x7efd87261200","      BSYNC B1 ","9210","724","9210","2064846079","19713086505","19713086505","9","9","0","-","-","-","0","0","0","0","0","0","0","0","-","0","0","0","0","0","0","0","0","1053","0","0","0","0","0","0","0","0","14","3035","1178","0","0","0","3930","0","0","21","0","0","0","0","0","0","0","0","4","0","0","0","0","0","699"
"0x7efd87261210","      IADD3 R45, R13, 0x1, -R12 ","27918","4455","27918","960119048","19713086505","19713086505","20","20","0","-","-","-","0","0","0","0","0","0","0","0","-","0","0","0","0","0","0","0","19542","262","0","0","0","0","408","0","0","560","0","461","1434","0","0","0","5251","0","3424","25","0","0","0","0","114","0","0","105","0","0","0","0","0","0","787"
"0x7efd87261220","      IMAD R48, R42, 0x2, -R13 ","489","0","489","960119048","19713086505","19713086505","20","20","0","-","-","-","0","0","0","0","0","0","0","0","-","0","0","0","0","0","0","0","0","41","0","0","0","0","0","0","0","0","0","0","448","0","0","0","0","0","0","0","0","0","0","0","0","0","0","0","0","0","0","0","0","0","0"
"0x7efd87261230","      IADD3 R13, R13, 0x20, RZ ","516","0","516","960119048","19713086505","19713086505","20","20","0","-","-","-","0","0","0","0","0","0","0","0","-","0","0","0","0","0","0","0","0","100","0","0","0","0","0","0","0","0","0","0","416","0","0","0","0","0","0","0","0","0","0","0","0","0","0","0","0","0","0","0","0","0","0"
"0x7efd87261240","      SHF.R.S32.HI R19, RZ, 0x1f, R45 ","1415","78","1415","960119048","19713086505","19713086505","20","20","0","-","-","-","0","0","0","0","0","0","0","0","-","0","0","0","0","0","0","0","0","133","0","0","0","0","168","0","0","0","0","233","444","0","0","0","437","0","0","3","0","0","0","0","26","0","0","0","0","0","0","0","0","0","49"
"0x7efd87261250","      IMAD.WIDE R46, R45, 0x4, R34 ","386","0","386","960119048","19713086505","19713086505","20","20","0","-","-","-","0","0","0","0","0","0","0","0","-","0","0","0","0","0","0","0","0","28","0","0","0","0","0","0","0","0","0","0","358","0","0","0","0","0","0","0","0","0","0","0","0","0","0","0","0","0","0","0","0","0","0"
"0x7efd87261260","      IADD3 R18, P0, P1, R28, c[0x0][0x1c8], R45 ","434","0","434","960119048","19713086505","19713086505","20","20","0","-","-","-","0","0","0","0","0","0","0","0","-","0","0","0","0","0","0","0","0","41","0","0","0","0","0","0","0","0","1","0","392","0","0","0","0","0","0","0","0","0","0","0","0","0","0","0","0","0","0","0","0","0","0"
"0x7efd87261270","      IMAD.WIDE R42, R45, 0x4, R30 ","3867","64","3867","960119048","19713086505","19713086505","20","20","0","-","-","-","0","0","0","0","0","0","0","0","-","0","0","0","0","0","0","0","0","773","0","0","0","0","636","0","0","0","0","1086","461","0","0","0","911","0","0","0","0","0","0","0","6","0","0","0","0","0","0","0","0","0","58"
"0x7efd87261280","      STG.E [R46.64], R48 ","837","2","837","960119048","19713086505","19713086505","20","20","0","Global","Store","32","960119048","0","0","0","0","0","2785361564","2785361564","","0","0","0","0","0","0","0","0","451","0","0","0","0","0","0","2","0","0","2","382","0","0","0","0","0","0","1","0","0","0","0","0","0","1","0","0","0","0","0","0","0","0"
"0x7efd87261290","      IADD3.X R19, R29, c[0x0][0x1cc], R19, P0, P1 ","463","0","463","960119048","19713086505","19713086505","20","20","0","-","-","-","0","0","0","0","0","0","0","0","-","0","0","0","0","0","0","0","0","58","0","0","0","0","0","0","0","0","0","0","405","0","0","0","0","0","0","0","0","0","0","0","0","0","0","0","0","0","0","0","0","0","0"
"0x7efd872612a0","      IMAD.WIDE R44, R45, 0x8, R32 ","1733","77","1733","960119048","19713086505","19713086505","20","20","0","-","-","-","0","0","0","0","0","0","0","0","-","0","0","0","0","0","0","0","0","454","0","0","0","0","211","0","0","0","0","258","382","0","0","0","428","0","0","0","0","0","0","0","2","0","0","0","0","0","0","0","0","0","75"
"0x7efd872612b0","      STG.E [R42.64], R51 ","993","0","993","960119048","19713086505","19713086505","20","20","0","Global","Store","32","960119048","0","0","0","0","0","2785361564","2785361564","","0","0","0","0","0","0","0","0","557","0","0","1","0","0","0","2","0","0","5","428","0","0","0","0","0","0","0","0","0","0","0","0","0","0","0","0","0","0","0","0","0","0"
"0x7efd872612c0","      ISETP.GT.AND P0, PT, R13, R17, PT ","460","0","460","960119048","19713086505","19713086505","20","20","0","-","-","-","0","0","0","0","0","0","0","0","-","0","0","0","0","0","0","0","0","36","0","0","0","0","0","0","0","0","0","0","424","0","0","0","0","0","0","0","0","0","0","0","0","0","0","0","0","0","0","0","0","0","0"
"0x7efd872612d0","      IMAD.MOV.U32 R42, RZ, RZ, R49 ","9276","1163","9276","960119048","19713086505","19713086505","20","20","0","-","-","-","0","0","0","0","0","0","0","0","-","0","0","0","0","0","0","0","0","317","0","0","0","6348","627","0","0","0","0","1104","424","0","0","0","456","0","0","15","0","0","0","1041","27","0","0","0","0","0","0","0","0","0","80"
"0x7efd872612e0","      IMAD.MOV.U32 R43, RZ, RZ, R16 ","1228","35","1228","960119048","19713086505","19713086505","20","20","0","-","-","-","0","0","0","0","0","0","0","0","-","0","0","0","0","0","0","0","0","103","0","0","0","0","79","0","0","0","0","158","395","0","0","0","493","0","0","8","0","0","0","0","4","0","0","0","0","0","0","0","0","0","23"
"0x7efd872612f0","      STG.E.64 [R44.64], R42 ","3617","150","3617","960119048","19713086505","19713086505","20","20","0","Global","Store","64","1566794157","0","0","0","0","0","5222075392","5222075392","","0","0","0","0","0","0","0","0","356","0","0","26","0","0","0","13","0","0","1131","397","0","0","0","1694","0","0","1","0","0","0","0","0","0","2","0","0","0","0","0","0","0","147"
"0x7efd87261300","      STG.E.U8 [R18.64], R53 ","2351","141","2351","960119048","19713086505","19713086505","20","20","0","Global","Store","8","960119048","0","0","0","0","0","960119048","960119048","","0","0","0","0","0","0","0","0","162","0","0","27","0","0","0","45","0","0","272","365","0","0","0","1480","0","0","4","0","0","2","0","0","0","13","0","0","0","0","0","0","0","122"
"0x7efd87261310","@!P0  BRA 0x7efd87260b30 ","448","1","448","960119048","19713086505","3814012492","20","3","205246517","-","-","-","0","0","0","0","0","0","0","0","-","0","0","0","0","0","0","0","0","33","0","0","0","0","0","0","1","0","0","0","414","0","0","0","0","0","0","0","0","0","0","0","0","0","1","0","0","0","0","0","0","0","0"
"0x7efd87261320","      BSYNC B2 ","4310","377","4310","1389739623","22453693280","22453693280","16","16","0","-","-","-","0","0","0","0","0","0","0","0","-","0","0","0","0","0","0","0","773","123","0","0","0","0","0","0","0","0","873","246","378","0","0","0","1917","0","120","3","0","0","0","0","0","0","0","0","133","0","0","0","0","0","121"
"0x7efd87261330","      NOP ","15074","2098","15074","701677915","22453693280","22453693280","32","32","0","-","-","-","0","0","0","0","0","0","0","0","-","0","0","0","0","0","0","0","11224","183","0","0","0","0","0","0","0","298","0","221","723","0","0","0","2425","0","1824","3","0","0","0","0","0","0","0","38","0","0","0","0","0","0","233"
"0x7efd87261340","      BSSY B1, 0x7efd87261b40 ","2829","186","2829","701677915","22453693280","22453693280","32","32","0","-","-","-","0","0","0","0","0","0","0","0","-","0","0","0","0","0","0","0","0","265","0","0","0","0","0","0","0","0","0","681","264","0","0","0","1619","0","0","7","0","0","0","0","0","0","0","0","0","0","0","0","0","0","179"
"0x7efd87261350","@P3   BRA 0x7efd87261b30 ","332","0","332","701677915","22453693280","21752015365","32","31","701677915","-","-","-","0","0","0","0","0","0","0","0","-","0","0","0","0","0","0","0","0","66","0","0","0","0","0","0","0","0","0","0","266","0","0","0","0","0","0","0","0","0","0","0","0","0","0","0","0","0","0","0","0","0","0"
"0x7efd87261360","      IADD3 R16, R12, -0x1, RZ ","2774","313","2774","701677915","701677915","701677915","1","1","0","-","-","-","0","0","0","0","0","0","0","0","-","0","0","0","0","0","0","0","783","129","0","0","0","0","268","0","0","0","0","184","262","0","0","0","1148","0","132","8","0","0","0","0","64","0","0","0","0","0","0","0","0","0","109"
"0x7efd87261370","      ISETP.GE.AND P0, PT, R17, R16, PT ","3932","403","3932","701677915","701677915","701677915","1","1","0","-","-","-","0","0","0","0","0","0","0","0","-","0","0","0","0","0","0","0","0","418","0","0","0","0","990","0","0","0","0","1323","277","0","0","0","924","0","0","26","0","0","0","0","235","0","0","0","0","0","0","0","0","0","142"
"0x7efd87261380","@!P0  BRA 0x7efd87261780 ","4729","569","4729","701677915","701677915","0","1","0","0","-","-","-","0","0","0","0","0","0","0","0","-","0","0","0","0","0","0","0","0","195","0","0","0","0","0","0","0","0","0","526","266","0","0","0","3742","0","0","4","0","0","0","0","0","0","0","0","0","0","0","0","0","0","565"
"0x7efd87261390","      IMAD.MOV.U32 R8, RZ, RZ, 0x7fffffff ","1713","198","1713","701677915","701677915","701677915","1","1","0","-","-","-","0","0","0","0","0","0","0","0","-","0","0","0","0","0","0","0","0","21","0","0","0","0","95","0","0","0","0","109","290","0","0","0","1198","0","0","3","0","0","0","0","4","0","0","0","0","0","0","0","0","0","191"
"0x7efd872613a0","      IMAD.MOV.U32 R13, RZ, RZ, -0x7fffffff ","798","31","798","701677915","701677915","701677915","1","1","0","-","-","-","0","0","0","0","0","0","0","0","-","0","0","0","0","0","0","0","0","67","0","0","0","0","59","0","0","0","0","87","273","0","0","0","312","0","0","8","0","0","0","0","2","0","0","0","0","0","0","0","0","0","21"
"0x7efd872613b0","      IMAD.MOV.U32 R45, RZ, RZ, R17 ","668","10","668","701677915","701677915","701677915","1","1","0","-","-","-","0","0","0","0","0","0","0","0","-","0","0","0","0","0","0","0","0","16","0","0","0","0","21","0","0","0","0","77","242","0","0","0","312","0","0","0","0","0","0","0","0","0","0","0","0","0","0","0","0","0","10"
"0x7efd872613c0","      IMAD.IADD R19, R45, 0x1, -R16 ","69195","9937","69195","19713086505","19713086505","19713086505","1","1","0","-","-","-","0","0","0","0","0","0","0","0","-","0","0","0","0","0","0","0","24072","2103","0","0","0","0","4706","0","0","0","32168","5082","263","0","0","0","801","0","3888","135","0","0","0","0","281","0","0","0","5590","0","0","0","0","0","43"
"0x7efd872613d0","      SHF.R.S32.HI R15, RZ, 0x1f, R19 ","130806","12529","130806","19713086505","19713086505","19713086505","1","1","0","-","-","-","0","0","0","0","0","0","0","0","-","0","0","0","0","0","0","0","0","12087","0","0","0","0","31014","0","0","0","0","39170","8339","0","0","0","40196","0","0","635","0","0","0","0","7086","0","0","0","0","0","0","0","0","0","4808"
"0x7efd872613e0","      IADD3 R46, P0, P1, R28, c[0x0][0x1c8], R19 ","27849","3043","27849","19713086505","19713086505","19713086505","1","1","0","-","-","-","0","0","0","0","0","0","0","0","-","0","0","0","0","0","0","0","0","3719","0","0","0","0","2658","0","0","0","0","3815","8198","0","0","0","9459","0","0","282","0","0","0","0","430","0","0","0","0","0","0","0","0","0","2331"
"0x7efd872613f0","      IADD3.X R47, R29, c[0x0][0x1cc], R15, P0, P1 ","112311","11484","112311","19713086505","19713086505","19713086505","1","1","0","-","-","-","0","0","0","0","0","0","0","0","-","0","0","0","0","0","0","0","0","11526","0","0","0","0","27885","0","0","0","0","36069","8298","0","0","0","28533","0","0","675","0","0","0","0","7086","0","0","0","0","0","0","0","0","0","3723"
"0x7efd87261400","      LDG.E.U8 R46, [R46.64] ","72867","7087","72867","19713086505","19713086505","19713086505","1","1","0","Global","Load","8","19713086505","0","0","0","0","0","19713086505","19713086505","","0","0","0","0","0","0","0","0","6957","0","0","218","0","0","0","321","0","1","18491","8259","0","0","0","38620","0","0","106","0","0","33","0","0","0","87","0","0","0","0","0","0","0","6861"
"0x7efd87261410","      IMAD.WIDE R42, R19, 0x4, R30 ","9963","0","9963","19713086505","19713086505","19713086505","1","1","0","-","-","-","0","0","0","0","0","0","0","0","-","0","0","0","0","0","0","0","0","1727","0","0","0","0","0","0","0","0","0","0","8236","0","0","0","0","0","0","0","0","0","0","0","0","0","0","0","0","0","0","0","0","0","0"
"0x7efd87261420","      IMAD.WIDE R14, R19, 0x4, R34 ","78428","3379","78428","19713086505","19713086505","19713086505","1","1","0","-","-","-","0","0","0","0","0","0","0","0","-","0","0","0","0","0","0","0","0","12747","0","0","0","0","10832","0","0","0","0","17531","8291","0","0","0","29027","0","0","299","0","0","0","0","343","0","0","0","0","0","0","0","0","0","2737"
"0x7efd87261430","      LDG.E R42, [R42.64] ","32717","678","32717","19713086505","19713086505","19713086505","1","1","0","Global","Load","32","19713086505","0","0","0","0","0","19713086505","19713086505","","0","0","0","0","0","0","0","0","3093","0","0","98","0","0","0","168","0","0","3040","8231","0","0","0","18087","0","0","120","0","0","14","0","0","0","35","0","0","0","0","0","0","0","509"
"0x7efd87261440","      IMAD.WIDE R18, R19, 0x8, R32 ","31771","521","31771","19713086505","19713086505","19713086505","1","1","0","-","-","-","0","0","0","0","0","0","0","0","-","0","0","0","0","0","0","0","0","6359","0","0","0","0","3534","0","0","0","0","2965","8351","0","0","0","10562","0","0","224","0","0","0","0","105","0","0","0","0","0","0","0","0","0","192"
"0x7efd87261450","      LDG.E R14, [R14.64] ","32778","324","32778","19713086505","19713086505","19713086505","1","1","0","Global","Load","32","19713086505","0","0","0","0","0","19713086505","19713086505","","0","0","0","0","0","0","0","0","1797","0","0","102","0","0","0","132","0","0","2720","8129","0","0","0","19898","0","0","45","0","0","23","0","0","0","30","0","0","0","0","0","0","0","226"
"0x7efd87261460","      LDG.E.64 R18, [R18.64] ","60078","3358","60078","19713086505","19713086505","19713086505","1","1","0","Global","Load","64","19713086505","0","0","0","0","0","19713086505","19713086505","","0","0","0","0","0","0","0","0","1796","0","0","219","0","0","0","264","0","0","3604","8159","0","0","0","46036","0","0","91","0","0","29","0","0","0","58","0","0","0","0","0","0","0","3180"
"0x7efd87261470","      ISETP.NE.AND P0, PT, R46, 0x2, PT ","142863","14525","142863","19713086505","19713086505","19713086505","1","1","0","-","-","-","0","0","0","0","0","0","0","0","-","0","0","0","0","0","0","0","0","11899","0","0","0","58064","29423","0","0","0","0","35235","8242","0","0","0","0","0","0","573","0","0","0","7692","6260","0","0","0","0","0","0","0","0","0","0"
"0x7efd87261480","@!P0  BRA 0x7efd872614e0 ","157957","16153","157957","19713086505","19713086505","28","1","0","0","-","-","-","0","0","0","0","0","0","0","0","-","0","0","0","0","0","0","0","0","8425","0","0","0","0","0","0","5","0","0","21552","8454","0","0","0","119521","0","0","119","0","0","0","0","0","0","3","0","0","0","0","0","0","0","16031"
"0x7efd87261490","      ISETP.NE.AND P0, PT, R46, 0x1, PT ","62383","7435","62383","19713086477","19713086477","19713086477","1","1","0","-","-","-","0","0","0","0","0","0","0","0","-","0","0","0","0","0","0","0","0","1766","0","0","0","5","6933","0","0","0","0","6024","8170","0","0","0","39485","0","0","122","0","0","0","2","1776","0","0","0","0","0","0","0","0","0","5535"
"0x7efd872614a0","@P0   BRA 0x7efd87261500 ","156107","17881","156107","19713086477","19713086477","19713037611","1","0","0","-","-","-","0","0","0","0","0","0","0","0","-","0","0","0","0","0","0","0","0","8388","0","0","0","0","0","0","5","0","0","23012","8242","0","0","0","116460","0","0","132","0","0","0","0","0","0","2","0","0","0","0","0","0","0","17747"
"0x7efd872614b0","      STS [0x2c], RZ ","47736","5330","47736","48866","48866","48866","1","1","0","Shared","Store","32","0","1","0","48866","48866","0","0","0","-","0","0","0","0","0","0","0","1890","0","0","0","0","0","0","0","0","0","0","0","8165","0","0","0","37681","0","146","0","0","0","0","0","0","0","0","0","0","0","0","0","0","0","5184"
"0x7efd872614c0","      IMAD.MOV.U32 R8, RZ, RZ, R45 ","0","0","0","48866","48866","48866","1","1","0","-","-","-","0","0","0","0","0","0","0","0","-","0","0","0","0","0","0","0","0","0","0","0","0","0","0","0","0","0","0","0","0","0","0","0","0","0","0","0","0","0","0","0","0","0","0","0","0","0","0","0","0","0","0"
"0x7efd872614d0","      BRA 0x7efd87261500 ","0","0","0","48866","48866","48866","1","1","0","-","-","-","0","0","0","0","0","0","0","0","-","0","0","0","0","0","0","0","0","0","0","0","0","0","0","0","0","0","0","0","0","0","0","0","0","0","0","0","0","0","0","0","0","0","0","0","0","0","0","0","0","0","0"
"0x7efd872614e0","      STS [0x2c], RZ ","0","0","0","28","28","28","1","1","0","Shared","Store","32","0","1","0","28","28","0","0","0","-","0","0","0","0","0","0","0","0","0","0","0","0","0","0","0","0","0","0","0","0","0","0","0","0","0","0","0","0","0","0","0","0","0","0","0","0","0","0","0","0","0","0"
"0x7efd872614f0","      IMNMX R13, R13, R45, !PT ","0","0","0","28","28","28","1","1","0","-","-","-","0","0","0","0","0","0","0","0","-","0","0","0","0","0","0","0","0","0","0","0","0","0","0","0","0","0","0","0","0","0","0","0","0","0","0","0","0","0","0","0","0","0","0","0","0","0","0","0","0","0","0"
"0x7efd87261500","      LDS R47, [0x14] ","65768","9792","65768","19713086505","19713086505","19713086505","1","1","0","Shared","Load","32","0","1","0","19713086505","19713086505","0","0","0","-","0","0","0","0","0","0","0","24835","2814","0","0","0","0","0","0","164","0","33649","4306","0","0","0","0","0","0","4220","129","0","0","0","0","0","0","51","0","5392","0","0","0","0","0","0"
"0x7efd87261510","      ISETP.GT.AND P0, PT, R14, R47, PT ","253006","32489","253006","19713086505","19713086505","19713086505","1","1","0","-","-","-","0","0","0","0","0","0","0","0","-","0","0","0","0","0","0","0","0","5628","0","0","0","8210","10944","0","0","0","125","10416","8162","199880","0","0","9641","0","0","402","0","0","0","1287","2113","0","0","0","35","0","0","28358","0","0","294"
"0x7efd87261520","@!P0  BRA 0x7efd87261740 ","162244","15582","162244","19713086505","19713086505","18274266695","1","0","0","-","-","-","0","0","0","0","0","0","0","0","-","0","0","0","0","0","0","0","0","9192","0","0","0","0","0","0","0","0","0","23984","8392","0","0","0","120676","0","0","116","0","0","0","0","0","0","0","0","0","0","0","0","0","0","15466"
"0x7efd87261530","      IMAD.IADD R15, R14, 0x1, R45 ","48198","5079","48198","1438819810","1438819810","1438819810","1","1","0","-","-","-","0","0","0","0","0","0","0","0","-","0","0","0","0","0","0","0","1751","62","0","0","0","0","248","0","0","0","0","279","8424","0","0","0","37434","0","119","3","0","0","0","0","17","0","0","0","0","0","0","0","0","0","4940"
"0x7efd87261540","      STS [0x14], R14 ","612","1","612","1438819810","1438819810","1438819810","1","1","0","Shared","Store","32","0","1","0","1438819810","1438819810","0","0","0","-","0","0","0","0","0","0","0","0","84","0","0","0","0","0","0","12","0","0","9","507","0","0","0","0","0","0","0","0","0","0","0","0","0","1","0","0","0","0","0","0","0","0"
"0x7efd87261550","      ISETP.GE.AND P0, PT, R42, c[0x0][0x1e0], PT ","669","0","669","1438819810","1438819810","1438819810","1","1","0","-","-","-","0","0","0","0","0","0","0","0","-","0","0","0","0","0","0","0","0","134","0","0","0","0","0","0","0","0","0","0","535","0","0","0","0","0","0","0","0","0","0","0","0","0","0","0","0","0","0","0","0","0","0"
"0x7efd87261560","      IMAD.MOV.U32 R47, RZ, RZ, R14 ","726","0","726","1438819810","1438819810","1438819810","1","1","0","-","-","-","0","0","0","0","0","0","0","0","-","0","0","0","0","0","0","0","0","161","0","0","0","0","0","0","0","0","0","0","565","0","0","0","0","0","0","0","0","0","0","0","0","0","0","0","0","0","0","0","0","0","0"
"0x7efd87261570","      SHF.R.S32.HI R15, RZ, 0x1, R15 ","2110","57","2110","1438819810","1438819810","1438819810","1","1","0","-","-","-","0","0","0","0","0","0","0","0","-","0","0","0","0","0","0","0","0","34","0","0","0","0","597","0","0","0","0","345","559","0","0","0","575","0","0","3","0","0","0","0","52","0","0","0","0","0","0","0","0","0","2"
"0x7efd87261580","      STS [0x18], R15 ","4713","224","4713","1438819810","1438819810","1438819810","1","1","0","Shared","Store","32","0","1","0","1438819810","1438819810","0","0","0","-","0","0","0","0","0","0","0","0","396","0","0","0","0","0","0","28","0","0","1274","542","0","0","0","2473","0","0","0","0","0","0","0","0","0","9","0","0","0","0","0","0","0","215"
"0x7efd87261590","@!P0  BRA 0x7efd87261740 ","3388","330","3388","1438819810","1438819810","303911546","1","0","0","-","-","-","0","0","0","0","0","0","0","0","-","0","0","0","0","0","0","0","0","38","0","0","0","0","0","0","0","0","0","264","554","0","0","0","2532","0","0","0","0","0","0","0","0","0","0","0","0","0","0","0","0","0","330"
"0x7efd872615a0","      IMAD.SHL.U32 R42, R18, 0x2, RZ ","3408","290","3408","1134908264","1134908264","1134908264","1","1","0","-","-","-","0","0","0","0","0","0","0","0","-","0","0","0","0","0","0","0","30","37","0","0","0","0","155","0","0","0","0","165","523","0","0","0","2498","0","1","1","0","0","0","0","7","0","0","0","0","0","0","0","0","0","281"
"0x7efd872615b0","      LOP3.LUT R42, R42, 0xfffe, RZ, 0xc0, !PT ","5989","527","5989","1134908264","1134908264","1134908264","1","1","0","-","-","-","0","0","0","0","0","0","0","0","-","0","0","0","0","0","0","0","0","504","0","0","0","0","1400","0","0","0","0","1657","401","0","0","0","2027","0","0","23","0","0","0","0","303","0","0","0","0","0","0","0","0","0","201"
"0x7efd872615c0","      IADD3 R42, P0, R42, c[0x0][0x1d0], RZ ","4970","546","4970","1134908264","1134908264","1134908264","1","1","0","-","-","-","0","0","0","0","0","0","0","0","-","0","0","0","0","0","0","0","0","499","0","0","0","0","1096","0","0","0","0","1466","404","0","0","0","1505","0","0","25","0","0","0","0","260","0","0","0","0","0","0","0","0","0","261"
"0x7efd872615d0","      IMAD.X R43, RZ, RZ, c[0x0][0x1d4], P0 ","3995","315","3995","1134908264","1134908264","1134908264","1","1","0","-","-","-","0","0","0","0","0","0","0","0","-","0","0","0","0","0","0","0","0","233","0","0","0","0","470","0","0","0","0","856","411","0","0","0","2025","0","0","6","0","0","0","0","25","0","0","0","0","0","0","0","0","0","284"
"0x7efd872615e0","      LDG.E.U16 R42, [R42.64] ","3270","256","3270","1134908264","1134908264","1134908264","1","1","0","Global","Load","16","1134908264","0","0","0","0","0","1134908264","1134908264","","0","0","0","0","0","0","0","0","116","0","0","7","0","0","0","11","0","0","706","439","0","0","0","1991","0","0","0","0","0","1","0","0","0","0","0","0","0","0","0","0","0","255"
"0x7efd872615f0","      IMAD.MOV.U32 R47, RZ, RZ, R14 ","444","0","444","1134908264","1134908264","1134908264","1","1","0","-","-","-","0","0","0","0","0","0","0","0","-","0","0","0","0","0","0","0","0","49","0","0","0","0","0","0","0","0","0","0","395","0","0","0","0","0","0","0","0","0","0","0","0","0","0","0","0","0","0","0","0","0","0"
"0x7efd87261600","      STS [0x1c], R14 ","2434","75","2434","1134908264","1134908264","1134908264","1","1","0","Shared","Store","32","0","1","0","1134908264","1134908264","0","0","0","-","0","0","0","0","0","0","0","0","190","0","0","0","0","0","0","43","0","0","792","414","0","0","0","995","0","0","2","0","0","0","0","0","0","8","0","0","0","0","0","0","0","65"
"0x7efd87261610","      PRMT R44, R42, 0x9910, RZ ","30712","4695","30712","1134908264","1134908264","1134908264","1","1","0","-","-","-","0","0","0","0","0","0","0","0","-","0","0","0","0","0","0","0","0","567","0","0","0","26617","1390","0","0","0","0","1729","409","0","0","0","0","0","0","37","0","0","0","4363","295","0","0","0","0","0","0","0","0","0","0"
"0x7efd87261620","      ISETP.GE.AND P0, PT, R44, RZ, PT ","4899","535","4899","1134908264","1134908264","1134908264","1","1","0","-","-","-","0","0","0","0","0","0","0","0","-","0","0","0","0","0","0","0","0","496","0","0","0","0","1127","0","0","0","0","1348","448","0","0","0","1480","0","0","24","0","0","0","0","261","0","0","0","0","0","0","0","0","0","250"
"0x7efd87261630","@!P0  BRA 0x7efd87261740 ","7344","984","7344","1134908264","1134908264","911453556","1","0","0","-","-","-","0","0","0","0","0","0","0","0","-","0","0","0","0","0","0","0","0","325","0","0","0","0","0","0","0","0","0","746","429","0","0","0","5844","0","0","5","0","0","0","0","0","0","0","0","0","0","0","0","0","0","979"
"0x7efd87261640","      SHF.R.U64 R42, R18, 0xe, R19 ","2461","313","2461","223454708","223454708","223454708","1","1","0","-","-","-","0","0","0","0","0","0","0","0","-","0","0","0","0","0","0","0","70","17","0","0","0","0","67","0","0","0","0","53","407","0","0","0","1847","0","6","0","0","0","0","0","16","0","0","0","0","0","0","0","0","0","291"
"0x7efd87261650","      LOP3.LUT R19, R18, 0x7fff, RZ, 0xc0, !PT ","284","24","284","223454708","223454708","223454708","1","1","0","-","-","-","0","0","0","0","0","0","0","0","-","0","0","0","0","0","0","0","0","38","0","0","0","0","21","0","0","0","0","33","87","0","0","0","105","0","0","2","0","0","0","0","3","0","0","0","0","0","0","0","0","0","19"
"0x7efd87261660","      LOP3.LUT R42, R42, 0xfffe, RZ, 0xc0, !PT ","329","32","329","223454708","223454708","223454708","1","1","0","-","-","-","0","0","0","0","0","0","0","0","-","0","0","0","0","0","0","0","0","42","0","0","0","0","23","0","0","0","0","40","99","0","0","0","125","0","0","1","0","0","0","0","4","0","0","0","0","0","0","0","0","0","27"
"0x7efd87261670","      LEA R18, P1, R19, c[0x0][0x1d8], 0x1 ","306","39","306","223454708","223454708","223454708","1","1","0","-","-","-","0","0","0","0","0","0","0","0","-","0","0","0","0","0","0","0","0","38","0","0","0","0","15","0","0","0","0","35","111","0","0","0","107","0","0","2","0","0","0","0","6","0","0","0","0","0","0","0","0","0","31"
"0x7efd87261680","      IADD3 R42, P0, R42, c[0x0][0x1d0], RZ ","285","46","285","223454708","223454708","223454708","1","1","0","-","-","-","0","0","0","0","0","0","0","0","-","0","0","0","0","0","0","0","0","30","0","0","0","0","17","0","0","0","0","16","107","0","0","0","115","0","0","2","0","0","0","0","7","0","0","0","0","0","0","0","0","0","37"
"0x7efd87261690","      LEA.HI.X R19, R19, c[0x0][0x1dc], RZ, 0x1, P1 ","265","46","265","223454708","223454708","223454708","1","1","0","-","-","-","0","0","0","0","0","0","0","0","-","0","0","0","0","0","0","0","0","25","0","0","0","0","14","0","0","0","0","24","85","0","0","0","117","0","0","2","0","0","0","0","4","0","0","0","0","0","0","0","0","0","40"
"0x7efd872616a0","      IMAD.X R43, RZ, RZ, c[0x0][0x1d4], P0 ","583","45","583","223454708","223454708","223454708","1","1","0","-","-","-","0","0","0","0","0","0","0","0","-","0","0","0","0","0","0","0","0","22","0","0","0","0","34","0","0","0","0","161","110","0","0","0","256","0","0","0","0","0","0","0","0","0","0","0","0","0","0","0","0","0","45"
"0x7efd872616b0","      LDG.E.S16 R19, [R18.64] ","555","50","555","223454708","223454708","223454708","1","1","0","Global","Load","16","223454708","0","0","0","0","0","223454708","223454708","","0","0","0","0","0","0","0","0","20","0","0","0","0","0","0","0","0","0","210","96","0","0","0","229","0","0","2","0","0","0","0","0","0","0","0","0","0","0","0","0","0","48"
"0x7efd872616c0","      LDG.E.S16 R42, [R42.64] ","451","77","451","223454708","223454708","223454708","1","1","0","Global","Load","16","223454708","0","0","0","0","0","223454708","223454708","","0","0","0","0","0","0","0","0","7","0","0","0","0","0","0","3","0","0","18","97","0","0","0","326","0","0","0","0","0","0","0","0","0","1","0","0","0","0","0","0","0","76"
"0x7efd872616d0","      IMAD.MOV.U32 R47, RZ, RZ, R14 ","115","0","115","223454708","223454708","223454708","1","1","0","-","-","-","0","0","0","0","0","0","0","0","-","0","0","0","0","0","0","0","0","3","0","0","0","0","0","0","0","0","0","0","112","0","0","0","0","0","0","0","0","0","0","0","0","0","0","0","0","0","0","0","0","0","0"
"0x7efd872616e0","      IMAD.IADD R44, R42, 0x1, R19 ","9650","1382","9650","223454708","223454708","223454708","1","1","0","-","-","-","0","0","0","0","0","0","0","0","-","0","0","0","0","0","0","0","0","84","0","0","0","8874","201","0","0","0","0","292","108","0","0","0","91","0","0","6","0","0","0","1362","11","0","0","0","0","0","0","0","0","0","3"
"0x7efd872616f0","      ISETP.GE.AND P0, PT, R44, RZ, PT ","1426","135","1426","223454708","223454708","223454708","1","1","0","-","-","-","0","0","0","0","0","0","0","0","-","0","0","0","0","0","0","0","0","119","0","0","0","0","323","0","0","0","0","415","99","0","0","0","470","0","0","10","0","0","0","0","71","0","0","0","0","0","0","0","0","0","54"
"0x7efd87261700","@P0   IADD3 R44, R7, 0x1, RZ ","2325","292","2325","223454708","223454708","206831746","1","0","0","-","-","-","0","0","0","0","0","0","0","0","-","0","0","0","0","0","0","0","0","112","0","0","0","0","327","0","0","0","0","382","106","0","0","0","1398","0","0","2","0","0","0","0","87","0","0","0","0","0","0","0","0","0","203"
"0x7efd87261710","@P0   STS.64 [0x20], R14 ","143","0","143","223454708","223454708","206831746","1","0","0","Shared","Store","64","0","0","0","206831746","206831746","0","0","0","-","0","0","0","0","0","0","0","0","26","0","0","0","0","0","0","0","0","0","1","116","0","0","0","0","0","0","0","0","0","0","0","0","0","0","0","0","0","0","0","0","0","0"
"0x7efd87261720","@P0   IMAD.MOV.U32 R47, RZ, RZ, R14 ","111","0","111","223454708","223454708","206831746","1","0","0","-","-","-","0","0","0","0","0","0","0","0","-","0","0","0","0","0","0","0","0","16","0","0","0","0","0","0","0","0","0","0","95","0","0","0","0","0","0","0","0","0","0","0","0","0","0","0","0","0","0","0","0","0","0"
"0x7efd87261730","@P0   STS [0x28], R44 ","590","14","590","223454708","223454708","206831746","1","0","0","Shared","Store","32","0","0","0","206831746","206831746","0","0","0","-","0","0","0","0","0","0","0","0","47","0","0","0","0","0","0","18","0","0","185","98","0","0","0","242","0","0","1","0","0","0","0","0","0","2","0","0","0","0","0","0","0","11"
"0x7efd87261740","      ISETP.GE.AND P0, PT, R45, R12, PT ","75569","12043","75569","19713086505","19713086505","19713086505","1","1","0","-","-","-","0","0","0","0","0","0","0","0","-","0","0","0","0","0","0","0","24233","3450","0","0","0","0","8200","0","0","0","33222","6057","87","0","0","0","320","0","4209","230","0","0","0","0","1996","0","0","0","5582","0","0","0","0","0","26"
"0x7efd87261750","@!P0  BRA 0x7efd872617b0 ","158960","17216","158960","19713086505","19713086505","701677915","1","0","0","-","-","-","0","0","0","0","0","0","0","0","-","0","0","0","0","0","0","0","0","8271","0","0","0","0","0","0","1","0","0","22385","8331","0","0","0","119972","0","0","79","0","0","0","0","0","0","1","0","0","0","0","0","0","0","17136"
"0x7efd87261760","      IADD3 R45, R45, -0x1, RZ ","60885","7172","60885","19011408590","19011408590","19011408590","1","1","0","-","-","-","0","0","0","0","0","0","0","0","-","0","0","0","0","0","0","0","41","1596","0","0","0","0","6180","0","0","0","0","5492","8328","0","0","0","39248","0","0","108","0","0","0","0","1555","0","0","0","0","0","0","0","0","0","5509"
"0x7efd87261770","      BRA 0x7efd872613c0 ","8973","0","8973","19011408590","19011408590","19011408590","1","1","0","-","-","-","0","0","0","0","0","0","0","0","-","0","0","0","0","0","0","0","0","956","0","0","0","0","0","0","0","0","0","0","8017","0","0","0","0","0","0","0","0","0","0","0","0","0","0","0","0","0","0","0","0","0","0"
"0x7efd87261780","      LDS R47, [0x14] ","45228","2925","45228","0","0","0","0","0","0","","","","0","0","0","0","0","0","0","0","-","0","0","0","0","0","0","0","161","0","0","0","0","0","0","0","0","0","0","0","7991","0","0","0","37076","0","6","0","0","0","0","0","0","0","0","0","0","0","0","0","0","0","2919"
"0x7efd87261790","      IMAD.MOV.U32 R13, RZ, RZ, -0x7fffffff ","0","0","0","0","0","0","0","0","0","-","-","-","0","0","0","0","0","0","0","0","-","0","0","0","0","0","0","0","0","0","0","0","0","0","0","0","0","0","0","0","0","0","0","0","0","0","0","0","0","0","0","0","0","0","0","0","0","0","0","0","0","0","0"
"0x7efd872617a0","      IMAD.MOV.U32 R8, RZ, RZ, 0x7fffffff ","0","0","0","0","0","0","0","0","0","-","-","-","0","0","0","0","0","0","0","0","-","0","0","0","0","0","0","0","0","0","0","0","0","0","0","0","0","0","0","0","0","0","0","0","0","0","0","0","0","0","0","0","0","0","0","0","0","0","0","0","0","0","0"
"0x7efd872617b0","      LDS R14, [0x2c] ","2130","312","2130","701677915","701677915","701677915","1","1","0","Shared","Load","32","0","1","0","701677915","701677915","0","0","0","-","0","0","0","0","0","0","0","805","80","0","0","0","0","0","0","4","0","1101","140","0","0","0","0","0","0","144","1","0","0","0","0","0","0","2","0","165","0","0","0","0","0","0"
"0x7efd872617c0","      IADD3 R7, R7, 0x1, RZ ","425","8","425","701677915","701677915","701677915","1","1","0","-","-","-","0","0","0","0","0","0","0","0","-","0","0","0","0","0","0","0","0","44","0","0","0","0","30","0","0","0","41","23","287","0","0","0","0","0","0","0","0","0","0","0","4","0","0","0","4","0","0","0","0","0","0"
"0x7efd872617d0","      IADD3 R18, R12, -0x1, RZ ","940","62","940","701677915","701677915","701677915","1","1","0","-","-","-","0","0","0","0","0","0","0","0","-","0","0","0","0","0","0","0","0","78","0","0","0","0","133","0","0","0","15","161","233","0","0","0","320","0","0","2","0","0","0","0","27","0","0","0","0","0","0","0","0","0","33"
"0x7efd872617e0","      STS [0x30], R7 ","1884","67","1884","701677915","701677915","701677915","1","1","0","Shared","Store","32","0","1","0","701677915","701677915","0","0","0","-","0","0","0","0","0","0","0","0","217","0","0","0","0","0","0","28","0","0","730","252","0","0","0","657","0","0","2","0","0","0","0","0","0","3","0","0","0","0","0","0","0","62"
"0x7efd872617f0","      IMAD.MOV.U32 R16, RZ, RZ, R18 ","800","10","800","701677915","701677915","701677915","1","1","0","-","-","-","0","0","0","0","0","0","0","0","-","0","0","0","0","0","0","0","0","44","0","0","0","0","82","0","0","0","0","94","271","0","0","0","309","0","0","1","0","0","0","0","2","0","0","0","0","0","0","0","0","0","7"
"0x7efd87261800","      ISETP.NE.AND P0, PT, R14, RZ, PT ","5212","695","5212","701677915","701677915","701677915","1","1","0","-","-","-","0","0","0","0","0","0","0","0","-","0","0","0","0","0","0","0","0","334","0","0","0","0","745","0","0","0","4","955","243","2931","0","0","0","0","0","21","0","0","0","0","165","0","0","0","1","0","0","508","0","0","0"
"0x7efd87261810","@P0   BRA 0x7efd87261960 ","4765","570","4765","701677915","701677915","701651665","1","0","0","-","-","-","0","0","0","0","0","0","0","0","-","0","0","0","0","0","0","0","0","195","0","0","0","0","0","0","0","0","0","561","287","0","0","0","3722","0","0","3","0","0","0","0","0","0","0","0","0","0","0","0","0","0","567"
"0x7efd87261820","      LDS R7, [0x18] ","1468","166","1468","26250","26250","26250","1","1","0","Shared","Load","32","0","1","0","26250","26250","0","0","0","-","0","0","0","0","0","0","0","45","0","0","0","0","0","0","0","0","0","0","0","240","0","0","0","1183","0","3","0","0","0","0","0","0","0","0","0","0","0","0","0","0","0","163"
"0x7efd87261830","      IMAD.IADD R14, R47, 0x1, -R7 ","1","0","1","26250","26250","26250","1","1","0","-","-","-","0","0","0","0","0","0","0","0","-","0","0","0","0","0","0","0","0","0","0","0","0","0","0","0","0","0","0","0","0","0","0","0","1","0","0","0","0","0","0","0","0","0","0","0","0","0","0","0","0","0","0"
"0x7efd87261840","      SHF.R.S32.HI R15, RZ, 0x1f, R14 ","0","0","0","26250","26250","26250","1","1","0","-","-","-","0","0","0","0","0","0","0","0","-","0","0","0","0","0","0","0","0","0","0","0","0","0","0","0","0","0","0","0","0","0","0","0","0","0","0","0","0","0","0","0","0","0","0","0","0","0","0","0","0","0","0"
"0x7efd87261850","      IADD3 R14, P0, P1, R5, R10, R14 ","0","0","0","26250","26250","26250","1","1","0","-","-","-","0","0","0","0","0","0","0","0","-","0","0","0","0","0","0","0","0","0","0","0","0","0","0","0","0","0","0","0","0","0","0","0","0","0","0","0","0","0","0","0","0","0","0","0","0","0","0","0","0","0","0"
"0x7efd87261860","      IADD3.X R15, R6, R11, R15, P0, P1 ","0","0","0","26250","26250","26250","1","1","0","-","-","-","0","0","0","0","0","0","0","0","-","0","0","0","0","0","0","0","0","0","0","0","0","0","0","0","0","0","0","0","0","0","0","0","0","0","0","0","0","0","0","0","0","0","0","0","0","0","0","0","0","0","0"
"0x7efd87261870","      LDG.E.U8 R14, [R14.64] ","0","0","0","26250","26250","26250","1","1","0","Global","Load","8","26250","0","0","0","0","0","26250","26250","","0","0","0","0","0","0","0","0","0","0","0","0","0","0","0","0","0","0","0","0","0","0","0","0","0","0","0","0","0","0","0","0","0","0","0","0","0","0","0","0","0","0"
"0x7efd87261880","      ISETP.GT.AND P1, PT, R18, R13, PT ","0","0","0","26250","26250","26250","1","1","0","-","-","-","0","0","0","0","0","0","0","0","-","0","0","0","0","0","0","0","0","0","0","0","0","0","0","0","0","0","0","0","0","0","0","0","0","0","0","0","0","0","0","0","0","0","0","0","0","0","0","0","0","0","0"
"0x7efd87261890","      ISETP.GE.AND P0, PT, R17, R8, PT ","0","0","0","26250","26250","26250","1","1","0","-","-","-","0","0","0","0","0","0","0","0","-","0","0","0","0","0","0","0","0","0","0","0","0","0","0","0","0","0","0","0","0","0","0","0","0","0","0","0","0","0","0","0","0","0","0","0","0","0","0","0","0","0","0"
"0x7efd872618a0","      IADD3 R13, R13, 0x1, RZ ","0","0","0","26250","26250","26250","1","1","0","-","-","-","0","0","0","0","0","0","0","0","-","0","0","0","0","0","0","0","0","0","0","0","0","0","0","0","0","0","0","0","0","0","0","0","0","0","0","0","0","0","0","0","0","0","0","0","0","0","0","0","0","0","0"
"0x7efd872618b0","      ISETP.NE.AND P2, PT, R14, 0x4, PT ","0","0","0","26250","26250","26250","1","1","0","-","-","-","0","0","0","0","0","0","0","0","-","0","0","0","0","0","0","0","0","0","0","0","0","0","0","0","0","0","0","0","0","0","0","0","0","0","0","0","0","0","0","0","0","0","0","0","0","0","0","0","0","0","0"
"0x7efd872618c0","@!P2  BRA 0x7efd87261940 ","0","0","0","26250","26250","11","1","0","0","-","-","-","0","0","0","0","0","0","0","0","-","0","0","0","0","0","0","0","0","0","0","0","0","0","0","0","0","0","0","0","0","0","0","0","0","0","0","0","0","0","0","0","0","0","0","0","0","0","0","0","0","0","0"
"0x7efd872618d0","      SHF.R.S32.HI R15, RZ, 0x1f, R7 ","0","0","0","26239","26239","26239","1","1","0","-","-","-","0","0","0","0","0","0","0","0","-","0","0","0","0","0","0","0","0","0","0","0","0","0","0","0","0","0","0","0","0","0","0","0","0","0","0","0","0","0","0","0","0","0","0","0","0","0","0","0","0","0","0"
"0x7efd872618e0","      IADD3 R14, P2, P4, R20, c[0x0][0x160], R7 ","0","0","0","26239","26239","26239","1","1","0","-","-","-","0","0","0","0","0","0","0","0","-","0","0","0","0","0","0","0","0","0","0","0","0","0","0","0","0","0","0","0","0","0","0","0","0","0","0","0","0","0","0","0","0","0","0","0","0","0","0","0","0","0","0"
"0x7efd872618f0","      IADD3.X R15, R21, c[0x0][0x164], R15, P2, P4 ","0","0","0","26239","26239","26239","1","1","0","-","-","-","0","0","0","0","0","0","0","0","-","0","0","0","0","0","0","0","0","0","0","0","0","0","0","0","0","0","0","0","0","0","0","0","0","0","0","0","0","0","0","0","0","0","0","0","0","0","0","0","0","0","0"
"0x7efd87261900","      LDG.E.U8 R14, [R14.64] ","0","0","0","26239","26239","26239","1","1","0","Global","Load","8","26239","0","0","0","0","0","26239","26239","","0","0","0","0","0","0","0","0","0","0","0","0","0","0","0","0","0","0","0","0","0","0","0","0","0","0","0","0","0","0","0","0","0","0","0","0","0","0","0","0","0","0"
"0x7efd87261910","      ISETP.NE.AND P2, PT, R14, 0x4, PT ","0","0","0","26239","26239","26239","1","1","0","-","-","-","0","0","0","0","0","0","0","0","-","0","0","0","0","0","0","0","0","0","0","0","0","0","0","0","0","0","0","0","0","0","0","0","0","0","0","0","0","0","0","0","0","0","0","0","0","0","0","0","0","0","0"
"0x7efd87261920","@P2   IMAD.MOV.U32 R7, RZ, RZ, 0x1 ","0","0","0","26239","26239","3903","1","0","0","-","-","-","0","0","0","0","0","0","0","0","-","0","0","0","0","0","0","0","0","0","0","0","0","0","0","0","0","0","0","0","0","0","0","0","0","0","0","0","0","0","0","0","0","0","0","0","0","0","0","0","0","0","0"
"0x7efd87261930","@P2   STS [0x2c], R7 ","0","0","0","26239","26239","3903","1","0","0","Shared","Store","32","0","0","0","3903","3903","0","0","0","-","0","0","0","0","0","0","0","0","0","0","0","0","0","0","0","0","0","0","0","0","0","0","0","0","0","0","0","0","0","0","0","0","0","0","0","0","0","0","0","0","0","0"
"0x7efd87261940","@P0   IADD3 R17, R8, -0x1, RZ ","0","0","0","26250","26250","26239","1","0","0","-","-","-","0","0","0","0","0","0","0","0","-","0","0","0","0","0","0","0","0","0","0","0","0","0","0","0","0","0","0","0","0","0","0","0","0","0","0","0","0","0","0","0","0","0","0","0","0","0","0","0","0","0","0"
"0x7efd87261950","      SEL R16, R18, R13, P1 ","0","0","0","26250","26250","26250","1","1","0","-","-","-","0","0","0","0","0","0","0","0","-","0","0","0","0","0","0","0","0","0","0","0","0","0","0","0","0","0","0","0","0","0","0","0","0","0","0","0","0","0","0","0","0","0","0","0","0","0","0","0","0","0","0"
"0x7efd87261960","      ISETP.GE.AND P0, PT, R17, R16, PT ","2380","413","2380","701677915","701677915","701677915","1","1","0","-","-","-","0","0","0","0","0","0","0","0","-","0","0","0","0","0","0","0","793","94","0","0","0","0","255","0","0","0","1072","166","0","0","0","0","0","0","148","7","0","0","0","0","63","0","0","0","195","0","0","0","0","0","0"
"0x7efd87261970","      BSSY B2, 0x7efd87261af0 ","326","10","326","701677915","701677915","701677915","1","1","0","-","-","-","0","0","0","0","0","0","0","0","-","0","0","0","0","0","0","0","0","37","0","0","0","0","0","0","0","0","22","5","262","0","0","0","0","0","0","0","0","0","0","0","0","0","0","0","10","0","0","0","0","0","0"
"0x7efd87261980","@!P0  BRA 0x7efd87261ae0 ","4523","409","4523","701677915","701677915","536","1","0","0","-","-","-","0","0","0","0","0","0","0","0","-","0","0","0","0","0","0","0","0","232","0","0","0","0","0","0","1","0","0","676","270","0","0","0","3344","0","0","3","0","0","0","0","0","0","0","0","0","0","0","0","0","0","406"
"0x7efd87261990","      IADD3 R47, R47, -0x46, RZ ","1989","197","1989","701677379","701677379","701677379","1","1","0","-","-","-","0","0","0","0","0","0","0","0","-","0","0","0","0","0","0","0","0","47","0","0","0","0","185","0","0","0","0","203","272","0","0","0","1282","0","0","5","0","0","0","0","46","0","0","0","0","0","0","0","0","0","146"
"0x7efd872619a0","      IMAD.IADD R15, R17, 0x1, -R18 ","3714","362","3714","1374769173","1374769173","1374769173","1","1","0","-","-","-","0","0","0","0","0","0","0","0","-","0","0","0","0","0","0","0","675","226","0","0","0","0","500","0","0","0","928","866","225","0","0","0","294","0","122","19","0","0","0","0","23","0","0","0","143","0","0","0","0","0","55"
"0x7efd872619b0","      IMAD.WIDE R14, R15, 0x4, R34 ","4417","222","4417","1374769173","1374769173","1374769173","1","1","0","-","-","-","0","0","0","0","0","0","0","0","-","0","0","0","0","0","0","0","0","263","0","0","0","0","597","0","0","0","0","1173","487","0","0","0","1897","0","0","4","0","0","0","0","21","0","0","0","0","0","0","0","0","0","197"
"0x7efd872619c0","      LDG.E R14, [R14.64] ","6541","696","6541","1374769173","1374769173","1374769173","1","1","0","Global","Load","32","1374769173","0","0","0","0","0","1374769173","1374769173","","0","0","0","0","0","0","0","0","416","0","0","4","0","0","0","5","0","0","1225","536","0","0","0","4355","0","0","7","0","0","0","0","0","0","1","0","0","0","0","0","0","0","688"
"0x7efd872619d0","      ISETP.GE.AND P0, PT, R14, R47, PT ","19291","2654","19291","1374769173","1374769173","1374769173","1","1","0","-","-","-","0","0","0","0","0","0","0","0","-","0","0","0","0","0","0","0","0","321","0","0","0","16189","603","0","0","0","0","646","478","453","0","0","601","0","0","25","0","0","0","2408","117","0","0","0","0","0","0","86","0","0","18"
"0x7efd872619e0","@P0   BRA 0x7efd87261a30 ","9167","984","9167","1374769173","1374769173","701674104","1","0","0","-","-","-","0","0","0","0","0","0","0","0","-","0","0","0","0","0","0","0","0","456","0","0","0","0","0","0","0","0","0","1144","504","0","0","0","7063","0","0","6","0","0","0","0","0","0","0","0","0","0","0","0","0","0","978"
"0x7efd872619f0","      ISETP.GT.AND P0, PT, R17, R16, PT ","3226","390","3226","673095069","673095069","673095069","1","1","0","-","-","-","0","0","0","0","0","0","0","0","-","0","0","0","0","0","0","0","71","50","0","0","0","0","181","0","0","0","0","151","477","0","0","0","2296","0","5","6","0","0","0","0","47","0","0","0","0","0","0","0","0","0","332"
"0x7efd87261a00","      IADD3 R17, R17, -0x1, RZ ","681","77","681","673095069","673095069","673095069","1","1","0","-","-","-","0","0","0","0","0","0","0","0","-","0","0","0","0","0","0","0","0","79","0","0","0","0","60","0","0","0","0","74","238","0","0","0","230","0","0","2","0","0","0","0","11","0","0","0","0","0","0","0","0","0","64"
"0x7efd87261a10","@P0   BRA 0x7efd872619a0 ","3600","408","3600","673095069","673095069","673091794","1","0","0","-","-","-","0","0","0","0","0","0","0","0","-","0","0","0","0","0","0","0","0","134","0","0","0","0","0","0","0","0","0","494","235","0","0","0","2737","0","0","2","0","0","0","0","0","0","0","0","0","0","0","0","0","0","406"
"0x7efd87261a20","      BRA 0x7efd87261ae0 ","1326","175","1326","3275","3275","3275","1","1","0","-","-","-","0","0","0","0","0","0","0","0","-","0","0","0","0","0","0","0","35","0","0","0","0","0","0","0","0","0","0","0","236","0","0","0","1055","0","2","0","0","0","0","0","0","0","0","0","0","0","0","0","0","0","173"
"0x7efd87261a30","      BSSY B3, 0x7efd87261ad0 ","2008","352","2008","701674104","701674104","701674104","1","1","0","-","-","-","0","0","0","0","0","0","0","0","-","0","0","0","0","0","0","0","761","93","0","0","0","0","0","0","0","0","1045","109","0","0","0","0","0","0","147","3","0","0","0","0","0","0","0","0","202","0","0","0","0","0","0"
"0x7efd87261a40","      IADD3 R13, R12, -0x1, RZ ","390","9","390","701674104","701674104","701674104","1","1","0","-","-","-","0","0","0","0","0","0","0","0","-","0","0","0","0","0","0","0","0","53","0","0","0","0","33","0","0","0","32","19","253","0","0","0","0","0","0","0","0","0","0","0","6","0","0","0","3","0","0","0","0","0","0"
"0x7efd87261a50","      IMAD.IADD R15, R16, 0x1, -R13 ","4609","402","4609","1375885590","1375885590","1375885590","1","1","0","-","-","-","0","0","0","0","0","0","0","0","-","0","0","0","0","0","0","0","670","224","0","0","0","0","489","0","0","0","942","823","239","0","0","0","1222","0","114","4","0","0","0","0","20","0","0","0","161","0","0","0","0","0","103"
"0x7efd87261a60","      IMAD.WIDE R14, R15, 0x4, R34 ","4285","185","4285","1375885590","1375885590","1375885590","1","1","0","-","-","-","0","0","0","0","0","0","0","0","-","0","0","0","0","0","0","0","0","250","0","0","0","0","515","0","0","0","0","1145","481","0","0","0","1894","0","0","5","0","0","0","0","17","0","0","0","0","0","0","0","0","0","163"
"0x7efd87261a70","      LDG.E R14, [R14.64] ","6543","717","6543","1375885590","1375885590","1375885590","1","1","0","Global","Load","32","1375885590","0","0","0","0","0","1375885590","1375885590","","0","0","0","0","0","0","0","0","410","0","0","10","0","0","0","13","0","0","1285","466","0","0","0","4359","0","0","6","0","0","2","0","0","0","4","0","0","0","0","0","0","0","705"
"0x7efd87261a80","      IMAD.MOV.U32 R7, RZ, RZ, R16 ","593","0","593","1375885590","1375885590","1375885590","1","1","0","-","-","-","0","0","0","0","0","0","0","0","-","0","0","0","0","0","0","0","0","134","0","0","0","0","0","0","0","0","0","0","459","0","0","0","0","0","0","0","0","0","0","0","0","0","0","0","0","0","0","0","0","0","0"
"0x7efd87261a90","      IADD3 R16, R16, 0x1, RZ ","586","0","586","1375885590","1375885590","1375885590","1","1","0","-","-","-","0","0","0","0","0","0","0","0","-","0","0","0","0","0","0","0","0","80","0","0","0","0","0","0","0","0","0","0","506","0","0","0","0","0","0","0","0","0","0","0","0","0","0","0","0","0","0","0","0","0","0"
"0x7efd87261aa0","      ISETP.GE.AND P0, PT, R14, R47, PT ","20932","2740","20932","1375885590","1375885590","1375885590","1","1","0","-","-","-","0","0","0","0","0","0","0","0","-","0","0","0","0","0","0","0","0","819","0","0","0","15007","1873","0","0","0","0","2186","495","0","0","0","552","0","0","48","0","0","0","2251","383","0","0","0","0","0","0","0","0","0","58"
"0x7efd87261ab0","@!P0  BRA 0x7efd87261a50 ","9053","986","9053","1375885590","1375885590","674211486","1","0","0","-","-","-","0","0","0","0","0","0","0","0","-","0","0","0","0","0","0","0","0","408","0","0","0","0","0","0","0","0","0","1050","487","0","0","0","7108","0","0","5","0","0","0","0","0","0","0","0","0","0","0","0","0","0","981"
"0x7efd87261ac0","      BSYNC B3 ","2940","356","2940","701674104","701674104","701674104","1","1","0","-","-","-","0","0","0","0","0","0","0","0","-","0","0","0","0","0","0","0","47","19","0","0","0","0","0","0","0","0","0","131","461","0","0","0","2282","0","4","0","0","0","0","0","0","0","0","0","0","0","0","0","0","0","352"
"0x7efd87261ad0","      IMAD.MOV.U32 R16, RZ, RZ, R7 ","4399","561","4399","701674104","701674104","701674104","1","1","0","-","-","-","0","0","0","0","0","0","0","0","-","0","0","0","0","0","0","0","2536","67","0","0","0","0","149","0","0","0","0","134","262","0","0","0","1251","0","413","3","0","0","0","0","5","0","0","0","0","0","0","0","0","0","140"
"0x7efd87261ae0","      BSYNC B2 ","1538","17","1538","701677915","701677915","701677915","1","1","0","-","-","-","0","0","0","0","0","0","0","0","-","0","0","0","0","0","0","0","0","274","0","0","0","0","0","0","0","0","0","669","270","0","0","0","325","0","0","5","0","0","0","0","0","0","0","0","0","0","0","0","0","0","12"
"0x7efd87261af0","      IADD3 R18, R12, -0x1, RZ ","4487","557","4487","701677915","701677915","701677915","1","1","0","-","-","-","0","0","0","0","0","0","0","0","-","0","0","0","0","0","0","0","2472","136","0","0","0","0","250","0","0","0","0","193","263","0","0","0","1173","0","379","7","0","0","0","0","45","0","0","0","0","0","0","0","0","0","126"
"0x7efd87261b00","      IMAD.MOV.U32 R19, RZ, RZ, R16 ","273","0","273","701677915","701677915","701677915","1","1","0","-","-","-","0","0","0","0","0","0","0","0","-","0","0","0","0","0","0","0","0","45","0","0","0","0","0","0","0","0","0","0","228","0","0","0","0","0","0","0","0","0","0","0","0","0","0","0","0","0","0","0","0","0","0"
"0x7efd87261b10","      STS [0x10], R17 ","329","0","329","701677915","701677915","701677915","1","1","0","Shared","Store","32","0","1","0","701677915","701677915","0","0","0","-","0","0","0","0","0","0","0","0","75","0","0","0","0","0","0","0","0","0","3","251","0","0","0","0","0","0","0","0","0","0","0","0","0","0","0","0","0","0","0","0","0","0"
"0x7efd87261b20","      STS.128 [RZ], R16 ","1335","40","1335","701677915","701677915","701677915","1","1","0","Shared","Store","128","0","1","0","701677915","701677915","0","0","0","-","0","0","0","0","0","0","0","0","9","0","0","0","0","0","0","12","0","0","109","292","0","0","0","913","0","0","0","0","0","0","0","0","0","3","0","0","0","0","0","0","0","37"
"0x7efd87261b30","      BSYNC B1 ","2792","361","2792","1403355830","22453693280","22453693280","16","16","0","-","-","-","0","0","0","0","0","0","0","0","-","0","0","0","0","0","0","0","792","176","0","0","0","0","0","0","0","0","1122","190","277","0","0","0","235","0","139","8","0","0","0","0","0","0","0","0","209","0","0","0","0","0","5"
"0x7efd87261b40","      NOP ","7519","871","7519","701677915","22453693280","22453693280","32","32","0","-","-","-","0","0","0","0","0","0","0","0","-","0","0","0","0","0","0","0","4346","117","0","0","0","0","0","0","0","0","0","160","539","0","0","0","2357","0","707","4","0","0","0","0","0","0","0","0","0","0","0","0","0","0","160"
"0x7efd87261b50","      LDS R7, [0x2c] ","2934","171","2934","701677915","22453693280","22453693280","32","32","0","Shared","Load","32","0","1","0","701677915","701677915","0","0","0","-","0","0","0","0","0","0","0","0","296","0","0","0","0","0","0","30","0","0","788","255","0","0","0","1565","0","0","4","0","0","0","0","0","0","8","0","0","0","0","0","0","0","159"
"0x7efd87261b60","      ISETP.NE.AND P0, PT, R7, RZ, PT ","8246","1209","8246","701677915","22453693280","22453693280","32","32","0","-","-","-","0","0","0","0","0","0","0","0","-","0","0","0","0","0","0","0","0","161","0","0","0","0","396","0","0","0","0","336","279","6779","0","0","295","0","0","13","0","0","0","0","94","0","0","0","0","0","0","1089","0","0","13"
"0x7efd87261b70","@!P0  BRA 0x7efd87261d40 ","5026","559","5026","701677915","22453693280","715104","32","0","0","-","-","-","0","0","0","0","0","0","0","0","-","0","0","0","0","0","0","0","0","212","0","0","0","0","0","0","0","0","0","602","249","0","0","0","3963","0","0","4","0","0","0","0","0","0","0","0","0","0","0","0","0","0","555"
"0x7efd87261b80","      LDS R8, [0x34] ","1625","162","1625","701655568","22452978176","22452978176","32","32","0","Shared","Load","32","0","1","0","701655568","701655568","0","0","0","-","0","0","0","0","0","0","0","0","23","0","0","0","0","0","0","10","0","0","121","246","0","0","0","1225","0","0","0","0","0","0","0","0","0","1","0","0","0","0","0","0","0","161"
"0x7efd87261b90","      IMAD.MOV.U32 R19, RZ, RZ, R37 ","296","0","296","701655568","22452978176","22452978176","32","32","0","-","-","-","0","0","0","0","0","0","0","0","-","0","0","0","0","0","0","0","0","33","0","0","0","0","0","0","0","0","0","0","263","0","0","0","0","0","0","0","0","0","0","0","0","0","0","0","0","0","0","0","0","0","0"
"0x7efd87261ba0","      IMAD.MOV.U32 R16, RZ, RZ, R39 ","724","14","724","701655568","22452978176","22452978176","32","32","0","-","-","-","0","0","0","0","0","0","0","0","-","0","0","0","0","0","0","0","0","43","0","0","0","0","44","0","0","0","0","102","270","0","0","0","265","0","0","2","0","0","0","0","1","0","0","0","0","0","0","0","0","0","11"
"0x7efd87261bb0","      LDS R7, [0x14] ","325","2","325","701655568","22452978176","22452978176","32","32","0","Shared","Load","32","0","1","0","701655568","701655568","0","0","0","-","0","0","0","0","0","0","0","0","39","0","0","0","0","0","0","12","0","0","15","259","0","0","0","0","0","0","0","0","0","0","0","0","0","2","0","0","0","0","0","0","0","0"
"0x7efd87261bc0","      IMAD.MOV.U32 R43, RZ, RZ, R41 ","265","0","265","701655568","22452978176","22452978176","32","32","0","-","-","-","0","0","0","0","0","0","0","0","-","0","0","0","0","0","0","0","0","6","0","0","0","0","0","0","0","0","0","0","259","0","0","0","0","0","0","0","0","0","0","0","0","0","0","0","0","0","0","0","0","0","0"
"0x7efd87261bd0","      IMAD.MOV.U32 R18, RZ, RZ, R40 ","704","5","704","701655568","22452978176","22452978176","32","32","0","-","-","-","0","0","0","0","0","0","0","0","-","0","0","0","0","0","0","0","0","9","0","0","0","0","48","0","0","0","0","84","273","0","0","0","290","0","0","1","0","0","0","0","1","0","0","0","0","0","0","0","0","0","3"
"0x7efd87261be0","      LDS R12, [0x1c] ","281","3","281","701655568","22452978176","22452978176","32","32","0","Shared","Load","32","0","1","0","701655568","701655568","0","0","0","-","0","0","0","0","0","0","0","0","9","0","0","0","0","0","0","10","0","0","14","248","0","0","0","0","0","0","0","0","0","0","0","0","0","3","0","0","0","0","0","0","0","0"
"0x7efd87261bf0","      IMAD.MOV.U32 R37, RZ, RZ, R31 ","262","0","262","701655568","22452978176","22452978176","32","32","0","-","-","-","0","0","0","0","0","0","0","0","-","0","0","0","0","0","0","0","0","2","0","0","0","0","0","0","0","0","1","0","259","0","0","0","0","0","0","0","0","0","0","0","0","0","0","0","0","0","0","0","0","0","0"
"0x7efd87261c00","      IMAD.MOV.U32 R39, RZ, RZ, R33 ","704","3","704","701655568","22452978176","22452978176","32","32","0","-","-","-","0","0","0","0","0","0","0","0","-","0","0","0","0","0","0","0","0","4","0","0","0","0","37","0","0","0","0","91","283","0","0","0","289","0","0","0","0","0","0","0","2","0","0","0","0","0","0","0","0","0","1"
"0x7efd87261c10","      IMAD.MOV.U32 R40, RZ, RZ, R34 ","2102","26","2102","701655568","22452978176","22452978176","32","32","0","-","-","-","0","0","0","0","0","0","0","0","-","0","0","0","0","0","0","0","0","177","0","0","0","0","504","0","0","0","0","903","277","0","0","0","241","0","0","8","0","0","0","0","16","0","0","0","0","0","0","0","0","0","2"
"0x7efd87261c20","      IMAD.MOV.U32 R41, RZ, RZ, R35 ","786","24","786","701655568","22452978176","22452978176","32","32","0","-","-","-","0","0","0","0","0","0","0","0","-","0","0","0","0","0","0","0","0","60","0","0","0","0","48","0","0","0","0","114","261","0","0","0","303","0","0","8","0","0","0","0","0","0","0","0","0","0","0","0","0","0","16"
"0x7efd87261c30","      ISETP.NE.AND P0, PT, R8, RZ, PT ","3174","315","3174","701655568","22452978176","22452978176","32","32","0","-","-","-","0","0","0","0","0","0","0","0","-","0","0","0","0","0","0","0","0","254","0","0","0","0","632","0","0","0","0","734","257","1297","0","0","0","0","0","14","0","0","0","0","139","0","0","0","0","0","0","162","0","0","0"
"0x7efd87261c40","      IMAD.MOV.U32 R8, RZ, RZ, R36 ","316","0","316","701655568","22452978176","22452978176","32","32","0","-","-","-","0","0","0","0","0","0","0","0","-","0","0","0","0","0","0","0","0","39","0","0","0","0","0","0","0","0","0","0","277","0","0","0","0","0","0","0","0","0","0","0","0","0","0","0","0","0","0","0","0","0","0"
"0x7efd87261c50","      IMAD.MOV.U32 R36, RZ, RZ, R30 ","794","13","794","701655568","22452978176","22452978176","32","32","0","-","-","-","0","0","0","0","0","0","0","0","-","0","0","0","0","0","0","0","0","38","0","0","0","0","75","0","0","0","0","124","240","0","0","0","317","0","0","1","0","0","0","0","6","0","0","0","0","0","0","0","0","0","6"
"0x7efd87261c60","      IADD3 R7, R7, -0xfa, RZ ","801","27","801","701655568","22452978176","22452978176","32","32","0","-","-","-","0","0","0","0","0","0","0","0","-","0","0","0","0","0","0","0","0","113","0","0","0","0","134","0","0","0","0","168","257","129","0","0","0","0","0","3","0","0","0","0","18","0","0","0","0","0","0","6","0","0","0"
"0x7efd87261c70","      ISETP.LT.OR P0, PT, R12, R7, P0 ","3704","266","3704","701655568","22452978176","22452978176","32","32","0","-","-","-","0","0","0","0","0","0","0","0","-","0","0","0","0","0","0","0","0","367","0","0","0","0","920","0","0","0","0","1186","255","81","0","0","895","0","0","18","0","0","0","0","186","0","0","0","0","0","0","8","0","0","54"
"0x7efd87261c80","      IMAD.MOV.U32 R7, RZ, RZ, R38 ","309","0","309","701655568","22452978176","22452978176","32","32","0","-","-","-","0","0","0","0","0","0","0","0","-","0","0","0","0","0","0","0","0","50","0","0","0","0","0","0","0","0","0","0","259","0","0","0","0","0","0","0","0","0","0","0","0","0","0","0","0","0","0","0","0","0","0"
"0x7efd87261c90","      IMAD.MOV.U32 R38, RZ, RZ, R32 ","923","13","923","701655568","22452978176","22452978176","32","32","0","-","-","-","0","0","0","0","0","0","0","0","-","0","0","0","0","0","0","0","0","43","0","0","0","0","67","0","0","0","0","167","277","0","0","0","369","0","0","3","0","0","0","0","2","0","0","0","0","0","0","0","0","0","8"
"0x7efd87261ca0","@P0   CALL.REL.NOINC 0x7efd87261cc0 ","3948","275","3948","701655568","22452978176","15860128","32","0","0","-","-","-","0","0","0","0","0","0","0","0","-","0","0","0","0","0","0","0","0","274","0","0","0","0","0","0","0","0","0","656","251","0","0","0","2767","0","0","2","0","0","0","0","0","0","0","0","0","0","0","0","0","0","273"
"0x7efd87261cb0","      BRA 0x7efd87260a20 ","350","0","350","701159939","22437118048","22437118048","32","32","0","-","-","-","0","0","0","0","0","0","0","0","-","0","0","0","0","0","0","0","0","83","0","0","0","0","0","0","0","0","0","0","267","0","0","0","0","0","0","0","0","0","0","0","0","0","0","0","0","0","0","0","0","0","0"
"0x7efd87261cc0","      BRA 0x7efd87261d40 ","1478","105","1478","495629","15860128","15860128","32","32","0","-","-","-","0","0","0","0","0","0","0","0","-","0","0","0","0","0","0","0","2","0","0","0","0","0","0","0","0","0","3","1","299","0","0","0","1173","0","0","0","0","0","0","0","0","0","0","0","0","0","0","0","0","0","105"
"0x7efd87261cd0","@!P3  IMAD.MOV.U32 R5, RZ, RZ, 0x1 ","4","1","4","0","0","0","0","0","0","-","-","-","0","0","0","0","0","0","0","0","-","0","0","0","0","0","0","0","0","0","0","0","0","0","0","0","0","0","0","0","1","0","0","0","3","0","0","0","0","0","0","0","0","0","0","0","0","0","0","0","0","0","1"
"0x7efd87261ce0","@!P3  STS [0x34], R5 ","0","0","0","0","0","0","0","0","0","","","","0","0","0","0","0","0","0","0","-","0","0","0","0","0","0","0","0","0","0","0","0","0","0","0","0","0","0","0","0","0","0","0","0","0","0","0","0","0","0","0","0","0","0","0","0","0","0","0","0","0","0"
"0x7efd87261cf0","      NOP ","0","0","0","0","0","0","0","0","0","-","-","-","0","0","0","0","0","0","0","0","-","0","0","0","0","0","0","0","0","0","0","0","0","0","0","0","0","0","0","0","0","0","0","0","0","0","0","0","0","0","0","0","0","0","0","0","0","0","0","0","0","0","0"
"0x7efd87261d00","      BRA 0x7efd87261d40 ","0","0","0","0","0","0","0","0","0","-","-","-","0","0","0","0","0","0","0","0","-","0","0","0","0","0","0","0","0","0","0","0","0","0","0","0","0","0","0","0","0","0","0","0","0","0","0","0","0","0","0","0","0","0","0","0","0","0","0","0","0","0","0"
"0x7efd87261d10","@P3   BRA 0x7efd87261e80 ","0","0","0","0","0","0","0","0","0","-","-","-","0","0","0","0","0","0","0","0","-","0","0","0","0","0","0","0","0","0","0","0","0","0","0","0","0","0","0","0","0","0","0","0","0","0","0","0","0","0","0","0","0","0","0","0","0","0","0","0","0","0","0"
"0x7efd87261d20","      IMAD.MOV.U32 R5, RZ, RZ, 0x1 ","0","0","0","0","0","0","0","0","0","-","-","-","0","0","0","0","0","0","0","0","-","0","0","0","0","0","0","0","0","0","0","0","0","0","0","0","0","0","0","0","0","0","0","0","0","0","0","0","0","0","0","0","0","0","0","0","0","0","0","0","0","0","0"
"0x7efd87261d30","      STS [0x34], R5 ","0","0","0","0","0","0","0","0","0","","","","0","0","0","0","0","0","0","0","-","0","0","0","0","0","0","0","0","0","0","0","0","0","0","0","0","0","0","0","0","0","0","0","0","0","0","0","0","0","0","0","0","0","0","0","0","0","0","0","0","0","0"
"0x7efd87261d40","@P3   BRA 0x7efd87261e80 ","4","1","4","518037","16577184","16059147","32","31","518037","-","-","-","0","0","0","0","0","0","0","0","-","0","0","0","0","0","0","0","1","0","0","0","0","0","0","0","0","0","2","1","0","0","0","0","0","0","0","0","0","0","0","0","0","0","0","0","1","0","0","0","0","0","0"
"0x7efd87261d50","      LDS R5, [0x34] ","4","0","4","518037","518037","518037","1","1","0","Shared","Load","32","0","1","0","518037","518037","0","0","0","-","0","0","0","0","0","0","0","2","0","0","0","0","0","0","0","0","0","0","0","1","0","0","0","1","0","0","0","0","0","0","0","0","0","0","0","0","0","0","0","0","0","0"
"0x7efd87261d60","      IMAD.SHL.U32 R10, R3, 0x4, RZ ","0","0","0","518037","518037","518037","1","1","0","-","-","-","0","0","0","0","0","0","0","0","-","0","0","0","0","0","0","0","0","0","0","0","0","0","0","0","0","0","0","0","0","0","0","0","0","0","0","0","0","0","0","0","0","0","0","0","0","0","0","0","0","0","0"
"0x7efd87261d70","      SHF.L.U64.HI R8, R3, 0x2, R4 ","0","0","0","518037","518037","518037","1","1","0","-","-","-","0","0","0","0","0","0","0","0","-","0","0","0","0","0","0","0","0","0","0","0","0","0","0","0","0","0","0","0","0","0","0","0","0","0","0","0","0","0","0","0","0","0","0","0","0","0","0","0","0","0","0"
"0x7efd87261d80","      IADD3 R4, P1, R10, c[0x0][0x198], RZ ","10","1","10","518037","518037","518037","1","1","0","-","-","-","0","0","0","0","0","0","0","0","-","0","0","0","0","0","0","0","0","1","0","0","0","0","4","0","0","0","0","1","3","0","0","0","1","0","0","0","0","0","0","0","1","0","0","0","0","0","0","0","0","0","0"
"0x7efd87261d90","      IADD3 R6, P2, R10, c[0x0][0x1a0], RZ ","1","0","1","518037","518037","518037","1","1","0","-","-","-","0","0","0","0","0","0","0","0","-","0","0","0","0","0","0","0","0","0","0","0","0","0","0","0","0","0","0","0","1","0","0","0","0","0","0","0","0","0","0","0","0","0","0","0","0","0","0","0","0","0","0"
"0x7efd87261da0","      IADD3 R10, P3, R10, c[0x0][0x1a8], RZ ","4","0","4","518037","518037","518037","1","1","0","-","-","-","0","0","0","0","0","0","0","0","-","0","0","0","0","0","0","0","0","3","0","0","0","0","1","0","0","0","0","0","0","0","0","0","0","0","0","0","0","0","0","0","0","0","0","0","0","0","0","0","0","0","0"
"0x7efd87261db0","      IADD3.X R7, R8, c[0x0][0x1a4], RZ, P2, !PT ","1","0","1","518037","518037","518037","1","1","0","-","-","-","0","0","0","0","0","0","0","0","-","0","0","0","0","0","0","0","0","1","0","0","0","0","0","0","0","0","0","0","0","0","0","0","0","0","0","0","0","0","0","0","0","0","0","0","0","0","0","0","0","0","0"
"0x7efd87261dc0","      IADD3.X R11, R8, c[0x0][0x1ac], RZ, P3, !PT ","2","0","2","518037","518037","518037","1","1","0","-","-","-","0","0","0","0","0","0","0","0","-","0","0","0","0","0","0","0","0","0","0","0","0","0","0","0","0","0","0","1","1","0","0","0","0","0","0","0","0","0","0","0","0","0","0","0","0","0","0","0","0","0","0"
"0x7efd87261dd0","      ISETP.NE.AND P0, PT, R5, RZ, PT ","3","0","3","518037","518037","518037","1","1","0","-","-","-","0","0","0","0","0","0","0","0","-","0","0","0","0","0","0","0","0","0","0","0","0","0","1","0","0","0","0","1","0","0","0","0","1","0","0","0","0","0","0","0","0","0","0","0","0","0","0","0","0","0","0"
"0x7efd87261de0","      IADD3.X R5, R8, c[0x0][0x19c], RZ, P1, !PT ","11","1","11","518037","518037","518037","1","1","0","-","-","-","0","0","0","0","0","0","0","0","-","0","0","0","0","0","0","0","0","1","0","0","0","0","1","0","0","0","0","9","0","0","0","0","0","0","0","0","0","0","0","0","1","0","0","0","0","0","0","0","0","0","0"
"0x7efd87261df0","@!P0  LDS.128 R12, [0x20] ","6","2","6","518037","518037","518037","1","1","0","Shared","Load","128","0","1","0","518037","518037","0","0","0","-","0","0","0","0","0","0","0","0","0","0","0","0","0","0","0","0","0","0","1","1","0","0","0","4","0","0","0","0","0","0","0","0","0","0","0","0","0","0","0","0","0","2"
"0x7efd87261e00","@P0   IMAD.MOV.U32 R17, RZ, RZ, -0x2 ","0","0","0","518037","518037","0","1","0","0","-","-","-","0","0","0","0","0","0","0","0","-","0","0","0","0","0","0","0","0","0","0","0","0","0","0","0","0","0","0","0","0","0","0","0","0","0","0","0","0","0","0","0","0","0","0","0","0","0","0","0","0","0","0"
"0x7efd87261e10","@P0   STG.E [R4.64], R17 ","7","0","7","518037","518037","0","1","0","0","","Store","32","0","0","0","0","0","0","0","0","","0","0","0","0","0","0","0","0","0","0","0","0","0","0","0","0","0","0","3","1","0","0","0","3","0","0","0","0","0","0","0","0","0","0","0","0","0","0","0","0","0","0"
"0x7efd87261e20","@P0   STG.E [R6.64], R17 ","4","0","4","518037","518037","0","1","0","0","","Store","32","0","0","0","0","0","0","0","0","","0","0","0","0","0","0","0","0","0","0","0","0","0","0","0","0","0","0","2","1","0","0","0","1","0","0","0","0","0","0","0","0","0","0","0","0","0","0","0","0","0","0"
"0x7efd87261e30","@P0   STG.E [R10.64], R17 ","3","0","3","518037","518037","0","1","0","0","","Store","32","0","0","0","0","0","0","0","0","","0","0","0","0","0","0","0","0","0","0","0","0","0","0","0","0","0","0","0","1","0","0","0","2","0","0","0","0","0","0","0","0","0","0","0","0","0","0","0","0","0","0"
"0x7efd87261e40","@!P0  IMAD.IADD R15, R12, 0x1, -R13 ","16","1","16","518037","518037","518037","1","1","0","-","-","-","0","0","0","0","0","0","0","0","-","0","0","0","0","0","0","0","0","2","0","0","0","0","0","0","0","0","0","1","3","10","0","0","0","0","0","0","0","0","0","0","0","0","0","0","0","0","0","1","0","0","0"
"0x7efd87261e50","@!P0  STG.E [R4.64], R13 ","6","0","6","518037","518037","518037","1","1","0","Global","Store","32","518037","0","0","0","0","0","518037","518037","","0","0","0","0","0","0","0","0","0","0","0","0","0","0","0","0","0","0","2","2","0","0","0","2","0","0","0","0","0","0","0","0","0","0","0","0","0","0","0","0","0","0"
"0x7efd87261e60","@!P0  STG.E [R6.64], R15 ","1","0","1","518037","518037","518037","1","1","0","Global","Store","32","518037","0","0","0","0","0","518037","518037","","0","0","0","0","0","0","0","0","0","0","0","0","0","0","0","0","0","0","0","0","0","0","0","1","0","0","0","0","0","0","0","0","0","0","0","0","0","0","0","0","0","0"
"0x7efd87261e70","@!P0  STG.E [R10.64], R14 ","4","0","4","518037","518037","518037","1","1","0","Global","Store","32","518037","0","0","0","0","0","518037","518037","","0","0","0","0","0","0","0","0","0","0","0","0","0","0","0","0","0","0","1","0","0","0","0","3","0","0","0","0","0","0","0","0","0","0","0","0","0","0","0","0","0","0"
"0x7efd87261e80","      BSYNC B0 ","8","1","8","1036074","16577184","16577184","16","16","0","-","-","-","0","0","0","0","0","0","0","0","-","0","0","0","0","0","0","0","2","0","0","0","0","0","0","0","0","0","5","1","0","0","0","0","0","0","0","0","0","0","0","0","0","0","0","0","1","0","0","0","0","0","0"
"0x7efd87261e90","      IADD3 R3, R3, c[0x0][0xc], RZ ","22","3","22","518037","16577184","16577184","32","32","0","-","-","-","0","0","0","0","0","0","0","0","-","0","0","0","0","0","0","0","14","0","0","0","0","0","2","0","0","0","0","0","0","0","0","0","6","0","3","0","0","0","0","0","0","0","0","0","0","0","0","0","0","0","0"
"0x7efd87261ea0","      NOP ","1","0","1","518037","16577184","16577184","32","32","0","-","-","-","0","0","0","0","0","0","0","0","-","0","0","0","0","0","0","0","0","0","0","0","0","0","0","0","0","0","0","0","1","0","0","0","0","0","0","0","0","0","0","0","0","0","0","0","0","0","0","0","0","0","0"
"0x7efd87261eb0","      ISETP.GE.AND P0, PT, R3, c[0x0][0x188], PT ","14","0","14","518037","16577184","16577184","32","32","0","-","-","-","0","0","0","0","0","0","0","0","-","0","0","0","0","0","0","0","0","1","0","0","0","0","3","0","0","0","0","6","0","0","0","0","4","0","0","0","0","0","0","0","0","0","0","0","0","0","0","0","0","0","0"
"0x7efd87261ec0","@P0   CALL.REL.NOINC 0x7efd87261ee0 ","4","0","4","518037","16577184","262144","32","0","0","-","-","-","0","0","0","0","0","0","0","0","-","0","0","0","0","0","0","0","0","0","0","0","0","0","0","0","0","0","0","0","0","0","0","0","4","0","0","0","0","0","0","0","0","0","0","0","0","0","0","0","0","0","0"
"0x7efd87261ed0","      BRA 0x7efd8725f2d0 ","0","0","0","509845","16315040","16315040","32","32","0","-","-","-","0","0","0","0","0","0","0","0","-","0","0","0","0","0","0","0","0","0","0","0","0","0","0","0","0","0","0","0","0","0","0","0","0","0","0","0","0","0","0","0","0","0","0","0","0","0","0","0","0","0","0"
"0x7efd87261ee0","      EXIT ","1","0","1","8192","262144","262144","32","32","0","-","-","-","0","0","0","0","0","0","0","0","-","0","0","0","0","0","0","0","0","0","0","0","0","0","0","0","0","0","0","0","0","0","0","0","1","0","0","0","0","0","0","0","0","0","0","0","0","0","0","0","0","0","0"
"0x7efd87261ef0","      BRA 0x7efd87261ef0","0","0","0","0","0","0","0","0","0","-","-","-","0","0","0","0","0","0","0","0","-","0","0","0","0","0","0","0","0","0","0","0","0","0","0","0","0","0","0","0","0","0","0","0","0","0","0","0","0","0","0","0","0","0","0","0","0","0","0","0","0","0","0"
"0x7efd87261f00","      NOP","0","0","0","0","0","0","0","0","0","-","-","-","0","0","0","0","0","0","0","0","-","0","0","0","0","0","0","0","0","0","0","0","0","0","0","0","0","0","0","0","0","0","0","0","0","0","0","0","0","0","0","0","0","0","0","0","0","0","0","0","0","0","0"
"0x7efd87261f10","      NOP","0","0","0","0","0","0","0","0","0","-","-","-","0","0","0","0","0","0","0","0","-","0","0","0","0","0","0","0","0","0","0","0","0","0","0","0","0","0","0","0","0","0","0","0","0","0","0","0","0","0","0","0","0","0","0","0","0","0","0","0","0","0","0"
"0x7efd87261f20","      NOP","0","0","0","0","0","0","0","0","0","-","-","-","0","0","0","0","0","0","0","0","-","0","0","0","0","0","0","0","0","0","0","0","0","0","0","0","0","0","0","0","0","0","0","0","0","0","0","0","0","0","0","0","0","0","0","0","0","0","0","0","0","0","0"
"0x7efd87261f30","      NOP","0","0","0","0","0","0","0","0","0","-","-","-","0","0","0","0","0","0","0","0","-","0","0","0","0","0","0","0","0","0","0","0","0","0","0","0","0","0","0","0","0","0","0","0","0","0","0","0","0","0","0","0","0","0","0","0","0","0","0","0","0","0","0"
"0x7efd87261f40","      NOP","0","0","0","0","0","0","0","0","0","-","-","-","0","0","0","0","0","0","0","0","-","0","0","0","0","0","0","0","0","0","0","0","0","0","0","0","0","0","0","0","0","0","0","0","0","0","0","0","0","0","0","0","0","0","0","0","0","0","0","0","0","0","0"
"0x7efd87261f50","      NOP","0","0","0","0","0","0","0","0","0","-","-","-","0","0","0","0","0","0","0","0","-","0","0","0","0","0","0","0","0","0","0","0","0","0","0","0","0","0","0","0","0","0","0","0","0","0","0","0","0","0","0","0","0","0","0","0","0","0","0","0","0","0","0"
"0x7efd87261f60","      NOP","0","0","0","0","0","0","0","0","0","-","-","-","0","0","0","0","0","0","0","0","-","0","0","0","0","0","0","0","0","0","0","0","0","0","0","0","0","0","0","0","0","0","0","0","0","0","0","0","0","0","0","0","0","0","0","0","0","0","0","0","0","0","0"
"0x7efd87261f70","      NOP","0","0","0","0","0","0","0","0","0","-","-","-","0","0","0","0","0","0","0","0","-","0","0","0","0","0","0","0","0","0","0","0","0","0","0","0","0","0","0","0","0","0","0","0","0","0","0","0","0","0","0","0","0","0","0","0","0","0","0","0","0","0","0"
